,Unnamed: 0,Nombre,Nacimiento,year,month,day,trimestre
0,0,"Ãbalos Meco, JosÃ© Luis",09/12/1959,1959,9,12,3
1,1,"Abascal Conde, Santiago",14/04/1976,1976,4,14,2
2,2,"Aceves Galindo, JosÃ© Luis",21/05/1970,1970,5,21,2
3,3,"Agirretxea Urresti, Joseba Andoni",06/08/1966,1966,6,8,2
4,4,"Aizcorbe Torra, Juan JosÃ©",09/07/1959,1959,9,7,3
5,5,"Aizpurua Arzallus, Mertxe",08/01/1960,1960,8,1,3
6,6,"Alcaraz Martos, Francisco JosÃ©",09/11/1968,1968,9,11,3
7,7,"Alfonso CendÃ³n, Javier",21/10/1983,1983,10,21,4
8,8,"AlmodÃ³bar BarcelÃ³, AgustÃ­n",01/12/1977,1977,1,12,1
9,9,"Alonso PÃ©rez, JosÃ© Ãngel",22/02/1993,1993,2,22,1
10,10,"Alonso SuÃ¡rez, MarÃ­a Olga",12/07/1962,1962,12,7,4
11,11,"Ãlvarez de Toledo Peralta-Ramos, Cayetana",15/10/1974,1974,10,15,4
12,12,"Ãlvarez Fanjul, Beatriz",23/08/1991,1991,8,23,3
13,13,"Ãlvarez i GarcÃ­a, Gerard",06/05/1989,1989,6,5,2
14,14,"AndrÃ©s AÃ±Ã³n, Carmen",19/10/1964,1964,10,19,4
15,15,"AndrÃ©s Barea, Josefa",17/02/1958,1958,2,17,1
16,16,"Anguita PÃ©rez, Omar",03/11/1990,1990,3,11,1
17,17,"Angulo Romero, MarÃ­a Teresa",17/05/1968,1968,5,17,2
18,18,"AntÃ³n Cacho, Javier",24/10/1972,1972,10,24,4
19,19,"AragonÃ©s MendiguchÃ­a, Carlos",14/10/1956,1956,10,14,4
20,20,"Aranda Vargas, Francisco",30/06/1977,1977,6,30,2
21,21,"Araujo Morales, Gemma",05/03/1979,1979,5,3,2
22,22,"Arribas Maroto, Manuel",13/12/1986,1986,12,13,4
23,23,"Arrimadas GarcÃ­a, InÃ©s",03/07/1981,1981,3,7,1
24,24,"Asarta Cuevas, Alberto",14/11/1951,1951,11,14,4
25,25,"Asens LlodrÃ , Jaume",29/03/1972,1972,3,29,1
26,26,"AzorÃ­n Salar, LÃ¡zaro",09/04/1975,1975,9,4,3
27,27,"Bal FrancÃ©s, Edmundo",02/07/1967,1967,2,7,1
28,28,"BaldovÃ­ Roda, Joan",07/08/1958,1958,7,8,3
29,29,"BaÃ±os Ruiz, Carmen",22/10/1972,1972,10,22,4
30,30,"Barandiaran Benito, ÃÃ±igo",19/02/1959,1959,2,19,1
31,31,"Bas Corugeira, Javier",13/03/1963,1963,3,13,1
32,32,"Bassa Coll, Montserrat",20/04/1965,1965,4,20,2
33,33,"Batet LamaÃ±a, Meritxell",19/03/1973,1973,3,19,1
34,34,"Bel Accensi, Ferran",01/06/1965,1965,1,6,1
35,35,"Belarra Urteaga, Ione",25/09/1987,1987,9,25,3
36,36,"BeltrÃ¡n Villalba, Ana MarÃ­a",16/01/1966,1966,1,16,1
37,37,"Berja Vega, Laura",05/07/1986,1986,5,7,2
38,38,"BermÃºdez de Castro FernÃ¡ndez, JosÃ© Antonio",05/09/1959,1959,5,9,2
39,39,"Betoret Coll, Vicente",06/09/1972,1972,6,9,2
40,40,"Blanquer Alcaraz, Patricia",12/05/1973,1973,12,5,4
41,41,"Boadella Esteve, GenÃ­s",20/03/1979,1979,3,20,1
42,42,"BorrÃ¡s PabÃ³n, Mireia",14/10/1986,1986,10,14,4
43,43,"Borrego CortÃ©s, Isabel MarÃ­a",11/05/1968,1968,11,5,4
44,44,"Botella GÃ³mez, Ana MarÃ­a",12/02/1958,1958,12,2,4
45,45,"Botran Pahissa, Albert",14/01/1984,1984,1,14,1
46,46,"Bravo Barco, Eva",10/05/1976,1976,10,5,4
47,47,"Bueno Campanario, Eva Patricia",29/05/1971,1971,5,29,2
48,48,"Bustamante MartÃ­n, Miguel Ãngel",01/08/1984,1984,1,8,1
49,49,"Caballero GutiÃ©rrez, Helena",13/07/1959,1959,7,13,3
50,50,"CabezÃ³n Casas, TomÃ¡s",07/12/1981,1981,7,12,3
51,51,"Callejas Cano, Juan Antonio",24/10/1974,1974,10,24,4
52,52,"Calvo GÃ³mez, Pilar",03/05/1963,1963,3,5,1
53,53,"Calvo Liste, Pablo Juan",17/02/1965,1965,2,17,1
54,54,"Calvo Poyato, Carmen",09/06/1957,1957,9,6,3
55,55,"Cambronero Piqueras, Pablo",01/09/1979,1979,1,9,1
56,56,"Canales Duque, Mariana de Gracia",01/11/1975,1975,1,11,1
57,57,"Cantera de Castro, Zaida",06/06/1977,1977,6,6,2
58,58,"CaÃ±adell Salvia, Concep",21/10/1977,1977,10,21,4
59,59,"CaÃ±izares Pacheco, InÃ©s MarÃ­a",27/09/1970,1970,9,27,3
60,60,"Capdevila i Esteve, Joan",12/07/1965,1965,12,7,4
61,61,"Carazo Hermoso, Eduardo",06/01/1990,1990,6,1,2
62,62,"Carcedo Roces, MarÃ­a Luisa",30/08/1953,1953,8,30,3
63,63,"Carrillo de los Reyes, Beatriz Micaela",02/06/1975,1975,2,6,1
64,64,"Carvalho Dantas, MarÃ­a",21/05/1969,1969,5,21,2
65,65,"Casado Blanco, Pablo",01/02/1981,1981,1,2,1
66,66,"Casares HontaÃ±Ã³n, Pedro",05/10/1983,1983,5,10,2
67,67,"Casero Ãvila, Alberto",15/11/1978,1978,11,15,4
68,68,"CastellÃ³n Rubio, Miguel Ãngel",22/01/1979,1979,1,22,1
69,69,"Castillo LÃ³pez, Elena",02/10/1976,1976,2,10,1
70,70,"CerdÃ¡n LeÃ³n, Santos",04/05/1969,1969,4,5,2
71,71,"Cerqueiro GonzÃ¡lez, Javier",20/02/1969,1969,2,20,1
72,72,"Chamorro Delmo, Ricardo",01/01/1977,1977,1,1,1
73,73,"Clavell LÃ³pez, Ãscar",07/09/1978,1978,7,9,3
74,74,"Constenla CarbÃ³n, Juan Manuel",24/06/1964,1964,6,24,2
75,75,"Contreras PelÃ¡ez, Francisco JosÃ©",17/02/1964,1964,2,17,1
76,76,"CortÃ©s Carballo, Mario",25/10/1977,1977,10,25,4
77,77,"CortÃ©s GÃ³mez, Ismael",06/09/1985,1985,6,9,2
78,78,"CrespÃ­n Rubio, Rafaela",05/12/1976,1976,5,12,2
79,79,"Cruz-GuzmÃ¡n GarcÃ­a, MarÃ­a Soledad",30/08/1975,1975,8,30,3
80,80,"Cuatrecasas Asua, Juan",07/05/1965,1965,7,5,3
81,81,"De las Heras FernÃ¡ndez, Patricia",15/06/1988,1988,6,15,2
82,82,"De Luna Tobarra, Llanos",03/03/1960,1960,3,3,1
83,83,"De Meer MÃ©ndez, RocÃ­o",26/12/1989,1989,12,26,4
84,84,"Del Valle de Iscar, Julio",02/07/1972,1972,2,7,1
85,85,"Del Valle RodrÃ­guez, Emilio JesÃºs",26/12/1960,1960,12,26,4
86,86,"Delgado Arce, Celso Luis",23/02/1958,1958,2,23,1
87,87,"Delgado Ramos, Juan Antonio",18/03/1971,1971,3,18,1
88,88,"DÃ­az GÃ³mez, Guillermo",29/04/1978,1978,4,29,2
89,89,"DÃ­az PÃ©rez, Yolanda",06/05/1971,1971,6,5,2
90,90,"Diouf Dioh, Luc Andre",18/01/1965,1965,1,18,1
91,91,"DurÃ¡n Peralta, JosÃ© Carlos",04/04/1987,1987,4,4,2
92,92,"EchÃ¡niz Salgado, JosÃ© Ignacio",14/09/1963,1963,9,14,3
93,93,"Echenique Robba, Pablo",28/08/1978,1978,8,28,3
94,94,"Elizo Serrano, MarÃ­a Gloria",11/12/1966,1966,11,12,4
95,95,"Elorriaga Pisarik, Gabriel",11/06/1962,1962,11,6,4
96,96,"Elorza GonzÃ¡lez, OdÃ³n",31/05/1955,1955,5,31,2
97,97,"Eritja CiurÃ³, Francesc Xavier",26/03/1970,1970,3,26,1
98,98,"ErrejÃ³n GalvÃ¡n, ÃÃ±igo",14/12/1983,1983,12,14,4
99,99,"EspaÃ±a Reina, Carolina",24/08/1969,1969,8,24,3
100,100,"Espejo-Saavedra Conesa, JosÃ© MarÃ­a",20/07/1976,1976,7,20,3
101,101,"Espinosa de los Monteros de SimÃ³n, IvÃ¡n",03/01/1971,1971,3,1,1
102,102,"Esteban Bravo, Aitor",21/06/1962,1962,6,21,2
103,103,"Esteban Calonje, Cristina Alicia",05/11/1976,1976,5,11,2
104,104,"FagÃºndez Campo, Antidio",13/02/1976,1976,2,13,1
105,105,"Faneca LÃ³pez, MarÃ­a Luisa",13/09/1957,1957,9,13,3
106,106,"FernÃ¡ndez BenÃ©itez, Andrea",20/10/1992,1992,10,20,4
107,107,"FernÃ¡ndez Casero, Ana BelÃ©n",22/12/1974,1974,12,22,4
108,108,"FernÃ¡ndez CastaÃ±Ã³n, SofÃ­a",01/11/1983,1983,1,11,1
109,109,"FernÃ¡ndez HernÃ¡ndez, Pedro",11/02/1970,1970,11,2,4
110,110,"FernÃ¡ndez RÃ­os, TomÃ¡s",27/02/1969,1969,2,27,1
111,111,"FernÃ¡ndez-Lomana GutiÃ©rrez, Rafael",16/08/1965,1965,8,16,3
112,112,"Ferrer Tesoro, Sonia",04/02/1973,1973,4,2,2
113,113,"Figaredo Ãlvarez-Sala, JosÃ© MarÃ­a",26/09/1988,1988,9,26,3
114,114,"Franco Carmona, Isabel",27/11/1985,1985,11,27,4
115,115,"Fuentes Curbelo, Juan Bernardo",22/04/1962,1962,4,22,2
116,116,"Gago BugarÃ­n, Diego",08/09/1987,1987,8,9,3
117,117,"Gamarra Ruiz-Clavijo, ConcepciÃ³n",23/12/1974,1974,12,23,4
118,118,"Gamazo MicÃ³, Ãscar",17/04/1976,1976,4,17,2
119,119,"GarcÃ©s SanagustÃ­n, Mario",29/04/1967,1967,4,29,2
120,120,"GarcÃ­a Adanero, Carlos",07/02/1967,1967,7,2,3
121,121,"GarcÃ­a ChavarrÃ­a, MarÃ­a Montserrat",03/11/1968,1968,3,11,1
122,122,"GarcÃ­a DÃ­ez, JoaquÃ­n MarÃ­a",16/09/1954,1954,9,16,3
123,123,"GarcÃ­a Egea, Teodoro",27/01/1985,1985,1,27,1
124,124,"GarcÃ­a GÃ³mez, ValentÃ­n",28/02/1963,1963,2,28,1
125,125,"GarcÃ­a LÃ³pez, Maribel",26/11/1973,1973,11,26,4
126,126,"GarcÃ­a MorÃ­s, Roberto",05/02/1982,1982,5,2,2
127,127,"GarcÃ­a Puig, MarÃ­a del Mar",28/08/1977,1977,8,28,3
128,128,"GarcÃ­a RodrÃ­guez, Alicia",03/01/1970,1970,3,1,1
129,129,"GarcÃ­a-Pelayo Jurado, MarÃ­a JosÃ©",06/01/1968,1968,6,1,2
130,130,"Garrido GutiÃ©rrez, Pilar",15/04/1966,1966,4,15,2
131,131,"GarzÃ³n Espinosa, Alberto",09/10/1985,1985,9,10,3
132,132,"GÃ¡zquez Collado, Paloma",27/04/1969,1969,4,27,2
133,133,"Gestoso de Miguel, Luis",20/12/1962,1962,12,20,4
134,134,"Gil LÃ¡zaro, Ignacio",23/09/1957,1957,9,23,3
135,135,"GimÃ©nez GimÃ©nez, Sara",19/01/1977,1977,1,19,1
136,136,"GÃ³mez HernÃ¡ndez, HÃ©ctor",16/11/1978,1978,11,16,4
137,137,"GÃ³mez-Reino Varela, Antonio",07/03/1980,1980,7,3,3
138,138,"GonzÃ¡lez Caballero, Miguel Ãngel",06/05/1991,1991,6,5,2
139,139,"GonzÃ¡lez Coello de Portugal, VÃ­ctor",05/09/1975,1975,5,9,2
140,140,"GonzÃ¡lez Guinda, MarÃ­a del Carmen",28/01/1961,1961,1,28,1
141,141,"GonzÃ¡lez Laso, Natividad",24/12/1953,1953,12,24,4
142,142,"GonzÃ¡lez PÃ©rez, Ariagona",15/10/1978,1978,10,15,4
143,143,"GonzÃ¡lez Ramos, Manuel Gabriel",13/10/1966,1966,10,13,4
144,144,"GonzÃ¡lez Terol, Antonio",23/08/1976,1976,8,23,3
145,145,"GonzÃ¡lez VÃ¡zquez, Marta",25/01/1965,1965,1,25,1
146,146,"Gorospe Elezcano, Josune",16/04/1969,1969,4,16,2
147,147,"Granollers Cunillera, InÃ©s",17/09/1970,1970,9,17,3
148,148,"Guaita Esteruelas, Sandra",23/07/1976,1976,7,23,3
149,149,"Guerra LÃ³pez, Sonia",09/01/1977,1977,9,1,3
150,150,"Guijarro Ceballos, MarÃ­a",13/11/1971,1971,11,13,4
151,151,"Guijarro GarcÃ­a, Txema",15/04/1975,1975,4,15,2
152,152,"Guinart Moreno, LÃ­dia",30/12/1966,1966,12,30,4
153,153,"Guitarte Gimeno, TomÃ¡s",07/03/1961,1961,7,3,3
154,154,"GutiÃ©rrez DÃ­az de Otazu, Fernando Adolfo",29/03/1957,1957,3,29,1
155,155,"GutiÃ©rrez Prieto, Sergio",11/07/1982,1982,11,7,4
156,156,"GutiÃ©rrez Salinas, Indalecio",04/09/1974,1974,4,9,2
157,157,"GutiÃ©rrez Vivas, Miguel Ãngel",03/02/1964,1964,3,2,1
158,158,"Hernanz Costa, SofÃ­a",21/06/1970,1970,6,21,2
159,159,"Herrero Bono, JosÃ© Alberto",02/07/1978,1978,2,7,1
160,160,"HispÃ¡n Iglesias de Ussel, Pablo",12/11/1973,1973,12,11,4
161,161,"Honrubia Hurtado, Pedro Antonio",25/09/1980,1980,9,25,3
162,162,"Hoyo JuliÃ¡, BelÃ©n",05/05/1984,1984,5,5,2
163,163,"Hurtado Zurera, Antonio",02/01/1961,1961,2,1,1
164,164,"Illamola DausÃ , Mariona",11/01/1967,1967,11,1,4
165,165,"IÃ±arritu GarcÃ­a, Jon",28/03/1979,1979,3,28,1
166,166,"Jara Moreno, Mercedes",27/06/1963,1963,6,27,2
167,167,"Jerez Juan, Miguel Ãngel",28/01/1974,1974,1,28,1
168,168,"JimÃ©nez Linuesa, Beatriz",26/05/1985,1985,5,26,2
169,169,"JimÃ©nez Revuelta, Rodrigo",23/10/1972,1972,10,23,4
170,170,"JosÃ© VÃ©lez, Rafael",13/05/1954,1954,5,13,2
171,171,"Jover DÃ­az, Antonia",13/12/1958,1958,12,13,4
172,172,"LamuÃ  EstaÃ±ol, Marc",19/05/1980,1980,5,19,2
173,173,"Lastra FernÃ¡ndez, Adriana",30/03/1979,1979,3,30,1
174,174,"Leal FernÃ¡ndez, Isaura",06/04/1959,1959,6,4,2
175,175,"Ledesma MartÃ­n, SebastiÃ¡n JesÃºs",14/01/1964,1964,1,14,1
176,176,"Legarda Uriarte, Mikel",12/12/1956,1956,12,12,4
177,177,"Lima Cid, Fuensanta",24/12/1966,1966,12,24,4
178,178,"LÃ³pez Ãlvarez, MarÃ­a Teresa",14/05/1980,1980,5,14,2
179,179,"LÃ³pez Ãlvarez, Patxi",04/10/1959,1959,4,10,2
180,180,"LÃ³pez Cano, Ignacio",24/05/1976,1976,5,24,2
181,181,"LÃ³pez de Uralde Garmendia, Juan Antonio",08/09/1963,1963,8,9,3
182,182,"LÃ³pez DomÃ­nguez, Laura",30/10/1983,1983,10,30,4
183,183,"LÃ³pez Maraver, Ãngel",18/07/1984,1984,7,18,3
184,184,"LÃ³pez Somoza, Gema",04/06/1978,1978,4,6,2
185,185,"LÃ³pez Zamora, Cristina",25/03/1989,1989,3,25,1
186,186,"LÃ³pez-Bas Valero, Juan Ignacio",17/12/1969,1969,12,17,4
187,187,"Lorite Lorite, AndrÃ©s",08/08/1976,1976,8,8,3
188,188,"Losada FernÃ¡ndez, JosÃ©",06/03/1966,1966,6,3,2
189,189,"Maestro Moliner, Roser",18/11/1988,1988,11,18,4
190,190,"Manso Olivar, RubÃ©n Silvano",16/12/1966,1966,12,16,4
191,191,"Marcos DomÃ­nguez, Pilar",22/05/1962,1962,5,22,2
192,192,"Marcos Ortega, Milagros",14/06/1965,1965,6,14,2
193,193,"Margall Sastre, Joan",02/11/1975,1975,2,11,1
194,194,"MarÃ­ Klose, Pau",15/12/1972,1972,12,15,4
195,195,"Mariscal Anaya, Guillermo",09/05/1974,1974,9,5,3
196,196,"Mariscal Zabala, Manuel",23/01/1992,1992,1,23,1
197,197,"Marra DomÃ­nguez, MarÃ­a Ãngeles",31/01/1966,1966,1,31,1
198,198,"MartÃ­nez Ferro, MarÃ­a Valentina",21/06/1976,1976,6,21,2
199,199,"MartÃ­nez Granados, MarÃ­a Carmen",01/12/1979,1979,1,12,1
200,200,"MartÃ­nez Oblanca, Isidro Manuel",12/11/1956,1956,12,11,4
201,201,"MartÃ­nez Seijo, MarÃ­a Luz",10/11/1968,1968,10,11,4
202,202,"MatarÃ­ SÃ¡ez, Juan JosÃ©",24/12/1959,1959,12,24,4
203,203,"Mateu IstÃºriz, Jaime Miguel",05/06/1957,1957,5,6,2
204,204,"Matute GarcÃ­a de JalÃ³n, Oskar",05/10/1972,1972,5,10,2
205,205,"Mayoral Perales, Rafael",26/03/1974,1974,3,26,1
206,206,"MazÃ³n Ramos, JosÃ© MarÃ­a",23/07/1951,1951,7,23,3
207,207,"Medel PÃ©rez, Rosa MarÃ­a",02/02/1957,1957,2,2,1
208,208,"MeijÃ³n Couselo, Guillermo Antonio",14/03/1958,1958,3,14,1
209,209,"Mena Arca, Joan",24/10/1975,1975,10,24,4
210,210,"MÃ©ndez Monasterio, Lourdes",11/02/1957,1957,11,2,4
211,211,"Merino MartÃ­nez, Javier",18/01/1979,1979,1,18,1
212,212,"Mestre Barea, Manuel",03/01/1952,1952,3,1,1
213,213,"MÃ­nguez GarcÃ­a, Montse",02/07/1976,1976,2,7,1
214,214,"Miquel i ValentÃ­, Sergi",24/12/1989,1989,12,24,4
215,215,"Moneo DÃ­ez, MarÃ­a Sandra",14/07/1969,1969,7,14,3
216,216,"Montero Cuadrado, MarÃ­a JesÃºs",04/02/1966,1966,4,2,2
217,217,"Montero Gil, Irene MarÃ­a",13/02/1988,1988,2,13,1
218,218,"Montesinos Aguayo, Pablo",06/09/1985,1985,6,9,2
219,219,"Montesinos de Miguel, Macarena",30/09/1961,1961,9,30,3
220,220,"Moraleja GÃ³mez, Tristana MarÃ­a",17/08/1971,1971,8,17,3
221,221,"Moro Almaraz, MarÃ­a JesÃºs",14/03/1961,1961,3,14,1
222,222,"MovellÃ¡n Lombilla, Diego",01/07/1979,1979,1,7,1
223,223,"MuÃ±oz Dalda, LucÃ­a",25/09/1993,1993,9,25,3
224,224,"MuÃ±oz Vidal, MarÃ­a",27/04/1978,1978,4,27,2
225,225,"NarvÃ¡ez Bandera, MarÃ­a Dolores",04/06/1976,1976,4,6,2
226,226,"Nasarre Oliva, BegoÃ±a",19/07/1978,1978,7,19,3
227,227,"Navalpotro GÃ³mez, Julio",25/10/1971,1971,10,25,4
228,228,"Navarro Lacoba, Carmen",13/06/1978,1978,6,13,2
229,229,"Navarro LÃ³pez, Pedro",16/06/1977,1977,6,16,2
230,230,"Nevado del Campo, MarÃ­a Magdalena",28/05/1973,1973,5,28,2
231,231,"Nogueras i Camero, MÃ­riam",11/05/1980,1980,11,5,4
232,232,"Olano Vela, Jaime Eduardo de",06/07/1970,1970,6,7,2
233,233,"Olona ChoclÃ¡n, Macarena",14/05/1979,1979,5,14,2
234,234,"Oramas GonzÃ¡lez-Moro, Ana MarÃ­a",17/07/1959,1959,7,17,3
235,235,"Oria LÃ³pez, MarÃ­a Inmaculada",05/03/1973,1973,5,3,2
236,236,"Ortega DomÃ­nguez, JosÃ© RamÃ³n",25/05/1979,1979,5,25,2
237,237,"Ortega Smith-Molina, Francisco Javier",28/08/1968,1968,8,28,3
238,238,"Ortiz GalvÃ¡n, JosÃ©",16/11/1983,1983,11,16,4
239,239,"Padilla Ruiz, Esther",02/06/1975,1975,2,6,1
240,240,"PagÃ¨s i MassÃ³, Josep",28/06/1972,1972,6,28,2
241,241,"Paniagua NÃºÃ±ez, Miguel Ãngel",02/09/1964,1964,2,9,1
242,242,"Pastor JuliÃ¡n, Ana MarÃ­a",11/11/1957,1957,11,11,4
243,243,"Pedraja SÃ¡inz, Raquel",20/06/1993,1993,6,20,2
244,244,"PedreÃ±o Molina, Juan Luis",24/01/1969,1969,1,24,1
245,245,"PeÃ±a Camarero, Esther",12/07/1980,1980,12,7,4
246,246,"Perea i Conillas, MarÃ­a MercÃ¨",22/11/1966,1966,11,22,4
247,247,"PÃ©rez AbellÃ¡s, Adolfo",25/09/1952,1952,9,25,3
248,248,"PÃ©rez DÃ­az, MarÃ­a Auxiliadora",25/05/1968,1968,5,25,2
249,249,"PÃ©rez Merino, MarÃ­a Mercedes",18/11/1960,1960,11,18,4
250,250,"PÃ­riz Maya, VÃ­ctor ValentÃ­n",22/07/1975,1975,7,22,3
251,251,"Pisarello Prados, Gerardo",10/08/1970,1970,10,8,4
252,252,"Pita CÃ¡rdenes, MarÃ­a del Carmen",02/08/1958,1958,2,8,1
253,253,"Pons Sampietro, Pere Joan",24/07/1970,1970,7,24,3
254,254,"Postigo Quintana, JesÃºs",24/06/1953,1953,6,24,2
255,255,"Pozueta FernÃ¡ndez, Isabel",21/09/1965,1965,9,21,3
256,256,"Prieto Nieto, Ana",03/04/1965,1965,3,4,1
257,257,"Prohens Rigo, Margarita",24/05/1982,1982,5,24,2
258,258,"Pujol i FarrÃ©, Norma",09/02/1988,1988,9,2,3
259,259,"Quevedo Iturbe, Pedro",11/03/1956,1956,11,3,4
260,260,"RamÃ­rez Carner, Arnau",15/02/1989,1989,2,15,1
261,261,"RamÃ­rez del RÃ­o, JosÃ©",10/02/1973,1973,10,2,4
262,262,"RamÃ³n Utrabo, Elvira",20/11/1966,1966,11,20,4
263,263,"Ramos Esteban, CÃ©sar JoaquÃ­n",01/03/1975,1975,1,3,1
264,264,"Ramos RodrÃ­guez, JosÃ© Luis",07/07/1970,1970,7,7,3
265,265,"Raya RodrÃ­guez, MarÃ­a Tamara",27/08/1972,1972,8,27,3
266,266,"Redondo Calvillo, MarÃ­a de la O",04/04/1972,1972,4,4,2
267,267,"Rego Candamil, NÃ©stor",02/04/1962,1962,2,4,1
268,268,"Renau MartÃ­nez, GermÃ¡n",24/03/1978,1978,3,24,1
269,269,"Requejo Novoa, Pedro JesÃºs",24/06/1964,1964,6,24,2
270,270,"Requena Ruiz, Juan Diego",24/11/1980,1980,11,24,4
271,271,"Robles LÃ³pez, JoaquÃ­n",08/06/1964,1964,8,6,3
272,272,"RodrÃ­guez Almeida, AndrÃ©s Alberto",22/02/1978,1978,2,22,1
273,273,"RodrÃ­guez GÃ³mez, MarÃ­a del Pilar",26/03/1975,1975,3,26,1
274,274,"RodrÃ­guez GÃ³mez de Celis, Alfonso",29/07/1970,1970,7,29,3
275,275,"RodrÃ­guez Herrer, MarÃ­a Elvira",15/05/1949,1949,5,15,2
276,276,"RodrÃ­guez Salas, JosÃ© Antonio",20/10/1965,1965,10,20,4
277,277,"Rojas GarcÃ­a, Carlos",23/09/1970,1970,9,23,3
278,278,"Romero HernÃ¡ndez, Carmelo",17/10/1958,1958,10,17,4
279,279,"Romero SÃ¡nchez, Rosa MarÃ­a",14/02/1970,1970,2,14,1
280,280,"Romero Vilches, MarÃ­a de los Reyes",30/12/1967,1967,12,30,4
281,281,"Ros MartÃ­nez, Susana",31/10/1969,1969,10,31,4
282,282,"Rosety FernÃ¡ndez de Castro, AgustÃ­n",26/03/1947,1947,3,26,1
283,283,"Rosique i Saltor, Marta",16/03/1996,1996,3,16,1
284,284,"Rueda PerellÃ³, Patricia",20/10/1976,1976,10,20,4
285,285,"RufiÃ¡n Romero, Gabriel",08/02/1982,1982,8,2,3
286,286,"Ruiz de Pinedo Undiano, IÃ±aki",23/07/1954,1954,7,23,3
287,287,"Ruiz i Carbonell, Joan",10/08/1954,1954,10,8,4
288,288,"Ruiz Navarro, Eduardo Luis",05/12/1972,1972,5,12,2
289,289,"Ruiz SolÃ¡s, MarÃ­a de la Cabeza",13/09/1970,1970,9,13,3
290,290,"Saavedra MuÃ±oz, Marisa",14/02/1962,1962,2,14,1
291,291,"SabanÃ©s Nadal, InÃ©s",24/06/1953,1953,6,24,2
292,292,"SÃ¡ez Alonso-MuÃ±umer, Pablo",11/06/1964,1964,11,6,4
293,293,"Sagastizabal Unzetabarrenetxea, Idoia",22/09/1972,1972,9,22,3
294,294,"Sahuquillo GarcÃ­a, Luis Carlos",11/01/1966,1966,11,1,4
295,295,"SalvÃ¡ Verd, Antonio",24/04/1952,1952,4,24,2
296,296,"Salvador i Duch, Jordi",23/07/1964,1964,7,23,3
297,297,"SÃ¡nchez del Real, VÃ­ctor Manuel",23/11/1969,1969,11,23,4
298,298,"SÃ¡nchez Escobar, Mariano",12/10/1964,1964,12,10,4
299,299,"SÃ¡nchez GarcÃ­a, JosÃ© MarÃ­a",20/07/1976,1976,7,20,3
300,300,"SÃ¡nchez JÃ³dar, Marisol",03/01/1971,1971,3,1,1
301,301,"SÃ¡nchez PÃ©rez, CÃ©sar",21/06/1962,1962,6,21,2
302,302,"SÃ¡nchez PÃ©rez-CastejÃ³n, Pedro",05/11/1976,1976,5,11,2
303,303,"SÃ¡nchez Serna, Javier",13/02/1976,1976,2,13,1
304,304,"Sancho Guardia, Alfredo",13/09/1957,1957,9,13,3
305,305,"Sancho ÃÃ±iguez, Herminio Rufino",20/10/1992,1992,10,20,4
306,306,"SantamarÃ­a Ruiz, Luis",22/12/1974,1974,12,22,4
307,307,"Santiago Romero, Enrique Fernando",01/11/1983,1983,1,11,1
308,308,"SarriÃ  Morell, Vicent Manuel",11/02/1970,1970,11,2,4
309,309,"Sayas LÃ³pez, Sergio",27/02/1969,1969,2,27,1
310,310,"Segura Just, Juan Carlos",16/08/1965,1965,8,16,3
311,311,"Senderos OraÃ¡, Daniel",04/02/1973,1973,4,2,2
312,312,"Serrada Pariente, David",26/09/1988,1988,9,26,3
313,313,"Serrano MartÃ­nez, Juan Francisco",27/11/1985,1985,11,27,4
314,314,"Seva Ruiz, Yolanda",22/04/1962,1962,4,22,2
315,315,"Sicilia AlfÃ©rez, Felipe JesÃºs",08/09/1987,1987,8,9,3
316,316,"Simancas Simancas, Rafael",23/12/1974,1974,12,23,4
317,317,"Soler Mur, Alejandro",17/04/1976,1976,4,17,2
318,318,"Soto Burillo, Juan Luis",29/04/1967,1967,4,29,2
319,319,"Steegmann Olmedillas, Juan Luis",08/07/1955,1955,8,7,3
320,320,"SuÃ¡rez Illana, Adolfo",05/05/1964,1964,5,5,2
321,321,"SuÃ¡rez Lamata, Eloy",08/02/1962,1962,8,2,3
322,322,"Sumelzo JordÃ¡n, Susana",22/12/1969,1969,12,22,4
323,323,"Taibo Monelos, Diego",23/02/1975,1975,2,23,1
324,324,"Tarno Blanco, Ricardo",20/05/1966,1966,5,20,2
325,325,"Telechea i Lozano, Carolina",09/08/1981,1981,9,8,3
326,326,"Tirado Ochoa, Vicente",13/01/1963,1963,1,13,1
327,327,"TizÃ³n VÃ¡zquez, UxÃ­a",22/06/1989,1989,6,22,2
328,328,"Toscano de BalbÃ­n, Carla",14/11/1977,1977,11,14,4
329,329,"TrÃ­as Gil, Georgina",14/07/1973,1973,7,14,3
330,330,"Uriarte Bengoechea, Edurne",27/10/1960,1960,10,27,4
331,331,"Uriarte Torrealday, Roberto",20/10/1960,1960,10,20,4
332,332,"Utrilla Cano, Julio",05/03/1967,1967,5,3,2
333,333,"Valerio Cordero, Magdalena",27/09/1959,1959,9,27,3
334,334,"Vallugera BalaÃ±Ã , Pilar",13/10/1967,1967,10,13,4
335,335,"VÃ¡zquez Blanco, Ana BelÃ©n",27/01/1975,1975,1,27,1
336,336,"Vega Arias, RubÃ©n DarÃ­o",10/05/1960,1960,10,5,4
337,337,"VehÃ­ Cantenys, Mireia",09/02/1985,1985,9,2,3
338,338,"Velarde GÃ³mez, Martina",14/04/1979,1979,4,14,2
339,339,"Velasco Morillo, Elvira",05/03/1968,1968,5,3,2
340,340,"Vicente Viondi, Daniel",16/12/1975,1975,12,16,4
341,341,"Vidal SÃ¡ez, Aina",22/03/1985,1985,3,22,1
342,342,"Vilches Ruiz, MarÃ­a Luisa",16/01/1982,1982,1,16,1
343,343,"Villagrasa Quero, NoemÃ­",14/09/1980,1980,9,14,3
344,344,"ZamarrÃ³n Moreno, AgustÃ­n",02/02/1946,1946,2,2,1
345,345,"Zambrano GarcÃ­a-Raez, Carlos JosÃ©",23/02/1969,1969,2,23,1
346,346,"Zaragoza Alonso, JosÃ©",12/09/1961,1961,12,9,4
347,347,"Zurita ExpÃ³sito, Ana MarÃ­a",03/11/1963,1963,3,11,1
0,0,"Abascal Escuza, Santiago",30/10/1949,1949,10,30,4
1,1,"Acebes Paniagua, Ãngel JesÃºs",03/07/1958,1958,3,7,1
2,2,"Acevedo FernÃ¡ndez, Gervasio",03/11/1941,1941,3,11,1
3,3,"AcÃ­n Boned, Luis",29/11/1948,1948,11,29,4
4,4,"Acosta Cubero, JosÃ©",24/05/1947,1947,5,24,2
5,5,"Aguado del Olmo, MarÃ­a Josefa",18/09/1958,1958,9,18,3
6,6,"Aguilar Belda, Manuel Ãngel",16/05/1949,1949,5,16,2
7,7,"Aguirre RodrÃ­guez, RamÃ³n",03/03/1953,1953,3,3,1
8,8,"Albendea PabÃ³n, Juan Manuel",08/06/1937,1937,8,6,3
9,9,"Alberdi Alonso, Cristina",22/02/1946,1946,2,22,1
10,10,"Albiach Chisbert, Miguel RamÃ³n",01/07/1966,1966,1,7,1
11,11,"Alborch Bataller, Carmen",31/10/1947,1947,10,31,4
12,12,"Alcaraz Masats, Luis Felipe",01/03/1943,1943,1,3,1
13,13,"Almunia Amann, JoaquÃ­n",17/06/1948,1948,6,17,2
14,14,"Alonso Aranegui, Alfonso",14/04/1967,1967,4,14,2
15,15,"Ãlvarez Ãlvarez, Amador",24/02/1945,1945,2,24,1
16,16,"Ãlvarez-Cascos FernÃ¡ndez, Francisco",01/10/1947,1947,1,10,1
17,17,"Amador MillÃ¡n, MarÃ­a Ãngeles",10/10/1949,1949,10,10,4
18,18,"Amarillo Doblado, Francisco",29/01/1941,1941,1,29,1
19,19,"Anasagasti Olabeaga, IÃ±aki Mirena",16/11/1947,1947,11,16,4
20,20,"Robles Fraga, JosÃ© MarÃ­a",10/04/1956,1956,10,4,4
21,21,"Robles Orozco, Gonzalo",20/04/1959,1959,4,20,2
22,22,"RodrÃ­guez BolaÃ±os, TomÃ¡s",01/01/1944,1944,1,1,1
23,23,"RodrÃ­guez Callao, Berta",17/10/1959,1959,10,17,4
24,24,"RodrÃ­guez DÃ­az, InÃ©s MarÃ­a",13/03/1956,1956,3,13,1
25,25,"RodrÃ­guez LÃ³pez, MÂª Dolores",13/12/1953,1953,12,13,4
26,26,"RodrÃ­guez SÃ¡nchez, Francisco",22/11/1945,1945,11,22,4
27,27,"RodrÃ­guez Zapatero, JosÃ© Luis",04/08/1960,1960,4,8,2
28,28,"RodrÃ­guez-Salmones Cabeza, Beatriz",20/05/1944,1944,5,20,2
29,29,"Rogado HernÃ¡ndez, MarÃ­a EncarnaciÃ³n",18/04/1963,1963,4,18,2
30,30,"RomÃ¡n Jasanada, Antonio",21/06/1965,1965,6,21,2
31,31,"Romay BeccarÃ­a, JosÃ© Manuel",18/01/1934,1934,1,18,1
32,32,"Romero GirÃ³n, Aurelio",25/12/1947,1947,12,25,4
33,33,"Romero LÃ³pez, Carmen",15/11/1946,1946,11,15,4
34,34,"Romero SÃ¡nchez, Rosa MarÃ­a",14/02/1970,1970,2,14,1
35,35,"Romeu MartÃ­, Francesc Joaquim",21/05/1974,1974,5,21,2
36,36,"Rubiales TorrejÃ³n, Amparo",20/10/1945,1945,10,20,4
37,37,"Rudi Ãbeda, Luisa Fernanda",13/12/1950,1950,12,13,4
38,38,"Ruiz LÃ³pez, Antero",13/11/1950,1950,11,13,4
39,39,"Ruiz LÃ³pez, Juan Carlos",04/06/1967,1967,4,6,2
40,40,"Ruiz Ruiz, MarÃ­a JesÃºs",05/06/1960,1960,5,6,2
41,41,"RumÃ­ IbÃ¡Ã±ez, MarÃ­a Consuelo",31/10/1957,1957,10,31,4
42,42,"RupÃ©rez Rubio, Francisco Javier",24/04/1941,1941,4,24,2
43,43,"SabatÃ© Ibarz, Francesc Xavier",07/07/1953,1953,7,7,3
44,44,"Sagarna Alberdi, MarÃ­a Teresa",23/03/1943,1943,3,23,1
45,45,"Sainz GarcÃ­a, MarÃ­a JesÃºs",01/09/1949,1949,1,9,1
46,46,"Salord Torrent, Juan",26/12/1948,1948,12,26,4
47,47,"SÃ¡nchez DÃ­az, MarÃ­a Carmen",10/10/1968,1968,10,10,4
48,48,"SÃ¡nchez GarcÃ­a, MarÃ­a JesÃºs Celinda",24/12/1945,1945,12,24,4
49,49,"SÃ¡nchez Garrido, JoaquÃ­n Manuel",24/12/1942,1942,12,24,4
50,50,"SÃ¡nchez i Llibre, Josep",26/05/1949,1949,5,26,2
51,51,"SÃ¡nchez Ramos, Aurelio",31/12/1944,1944,12,31,4
52,52,"SÃ¡nchez SÃ¡nchez, Alfonso",04/07/1940,1940,4,7,2
53,53,"SanjuÃ¡n de la Rocha, Carlos",10/01/1938,1938,10,1,4
54,54,"Sanz Palacio, Salvador",21/10/1947,1947,10,21,4
55,55,"Saura Laporta, Joan",24/04/1950,1950,4,24,2
56,56,"Seco Gordillo, Manuel",08/02/1961,1961,8,2,3
57,57,"SedÃ³ i Marsal, Salvador",24/02/1936,1936,2,24,1
58,58,"Segura Clavell, JosÃ©",04/07/1944,1944,4,7,2
59,59,"Seller Roca de Togores, MarÃ­a Enriqueta",02/03/1962,1962,2,3,1
60,60,"Serna MasiÃ¡, Juana",09/03/1945,1945,9,3,3
61,61,"Serra Serra, NarcÃ­s",30/05/1943,1943,5,30,2
62,62,"Sevilla Segura, Jordi",19/03/1956,1956,3,19,1
63,63,"Silva i SÃ¡nchez, Manuel JosÃ©",30/12/1960,1960,12,30,4
64,64,"SimÃ³n de la Torre, JuliÃ¡n",23/08/1956,1956,8,23,3
65,65,"Solera Albero, Juan",16/03/1956,1956,3,16,1
66,66,"Soravilla FernÃ¡ndez, Roberto",26/03/1945,1945,3,26,1
67,67,"Soriano BenÃ­tez de Lugo, Alfonso",02/10/1936,1936,2,10,1
68,68,"SouvirÃ³n GarcÃ­a, Federico",23/12/1954,1954,12,23,4
69,69,"SuÃ¡rez GonzÃ¡lez, Celestino",08/01/1955,1955,8,1,3
70,70,"Tocino Biscarolasaga, Isabel",09/03/1949,1949,9,3,3
71,71,"Torme Pardo, Ana",13/09/1964,1964,9,13,3
72,72,"Torrado Rey, Clemencia",13/11/1961,1961,11,13,4
73,73,"Torres Sahuquillo, Gerardo",03/11/1947,1947,3,11,1
74,74,"Tortosa Ruiz, JosÃ© Manuel",06/12/1962,1962,6,12,2
75,75,"TrÃ­as i Vidal de Llobatera, Xavier",05/08/1946,1946,5,8,2
76,76,"Trillo-Figueroa MartÃ­nez-Conde, Federico",23/05/1952,1952,5,23,2
77,77,"Txueka Isasti, IÃ±aki",10/09/1953,1953,10,9,4
78,78,"Unzurrunzaga Campoy, BelÃ©n",02/11/1977,1977,2,11,1
79,79,"UrÃ¡n GonzÃ¡lez, PresentaciÃ³n",29/05/1956,1956,5,29,2
80,80,"UrÃ­a EtxebarrÃ­a, Margarita",28/04/1953,1953,4,28,2
81,81,"Utrera Mora, Francisco",02/02/1954,1954,2,2,1
82,82,"Valcarce GarcÃ­a, MarÃ­a Amparo",24/01/1956,1956,1,24,1
83,83,"ValentÃ­n Navarro, Matilde",17/10/1956,1956,10,17,4
84,84,"Varela VÃ¡zquez, MarÃ­a JesÃºs Arrate",04/03/1953,1953,4,3,2
85,85,"VÃ¡zquez Blanco, Ana BelÃ©n",27/01/1975,1975,1,27,1
86,86,"VÃ¡zquez VÃ¡zquez, Guillerme",08/05/1952,1952,8,5,3
87,87,"Velasco Sierra, Rafael",05/04/1973,1973,5,4,2
88,88,"Vera Pro, Juan Carlos",16/01/1955,1955,1,16,1
89,89,"Villalobos Talero, Celia",18/04/1949,1949,4,18,2
90,90,"Villalonga Campos, Fernando",15/01/1960,1960,1,15,1
91,91,"Varela VÃ¡zquez, MarÃ­a JesÃºs Arrate",04/03/1953,1953,4,3,2
92,92,"Villarrubia Mediavilla, Julio",21/05/1957,1957,5,21,2
93,93,"YÃ¡Ã±ez-Barnuevo GarcÃ­a, Luis",12/04/1943,1943,12,4,4
94,94,"Zambrano VÃ¡zquez, Francisco",23/10/1947,1947,10,23,4
95,95,"Zaragoza JuncÃ¡, MarÃ­a Rosa",25/06/1964,1964,6,25,2
96,96,"Barrero LÃ³pez, Jaime Javier",18/09/1949,1949,9,18,3
97,97,"Barrero Valverde, Juan Ignacio",29/06/1943,1943,6,29,2
98,98,"Barrios Curbelo, MarÃ­a Bernarda",25/09/1949,1949,9,25,3
99,99,"Becerril Bustamante, Soledad",16/08/1944,1944,8,16,3
100,100,"Bel i Queralt, GermÃ ",15/03/1963,1963,3,15,1
101,101,"Belda PÃ©rez-Pedrero, Enrique",11/06/1969,1969,11,6,4
102,102,"Benegas Haddad, JosÃ© MarÃ­a",25/07/1948,1948,7,25,3
103,103,"Bermejo FernÃ¡ndez, JosÃ© Luis",18/11/1947,1947,11,18,4
104,104,"BermÃºdez de Castro FernÃ¡ndez, JosÃ© Antonio",05/09/1959,1959,5,9,2
105,105,"Bertomeu Bertomeu, Juan",18/09/1954,1954,9,18,3
106,106,"Blancas Llamas, Juan",14/04/1945,1945,4,14,2
107,107,"Blanco GarcÃ­a, Jaime",01/05/1944,1944,1,5,1
108,108,"Blanco LÃ³pez, JosÃ©",06/02/1962,1962,6,2,2
109,109,"Blanco TerÃ¡n, Rosa Delia",17/02/1952,1952,2,17,1
110,110,"BlÃ¡zquez SÃ¡nchez, Feliciano",01/02/1935,1935,1,2,1
111,111,"Borrell Fontelles, Josep",24/04/1947,1947,4,24,2
112,112,"Bueno FernÃ¡ndez, Ricardo",24/04/1940,1940,4,24,2
113,113,"Bueso Zaera, Leocadio",01/01/1943,1943,1,1,1
114,114,"Burgo Tajadura, Jaime Ignacio del",31/07/1942,1942,7,31,3
115,115,"Burgos Gallego, TomÃ¡s",21/04/1962,1962,4,21,2
116,116,"Capdevila i Esteve, Joan",12/07/1965,1965,12,7,4
117,117,"Caldera SÃ¡nchez-CapitÃ¡n, JesÃºs",31/10/1957,1957,10,31,4
118,118,"Calomarde Gramage, JoaquÃ­n",30/11/1956,1956,11,30,4
119,119,"Calpe Saera, JosÃ© RamÃ³n",07/05/1954,1954,7,5,3
120,120,"Camacho VÃ¡zquez, MarÃ­a Teresa del Carmen",27/11/1958,1958,11,27,4
121,121,"CÃ¡mara RodrÃ­guez, Rafael",15/05/1965,1965,5,15,2
122,122,"Camarero BenÃ­tez, Susana",25/04/1970,1970,4,25,2
123,123,"Campo CasasÃºs, Carmen del",27/06/1947,1947,6,27,2
124,124,"Campoy SuÃ¡rez, Miguel Antonio",05/09/1964,1964,5,9,2
125,125,"Camps Devesa, Gerardo",30/06/1963,1963,6,30,2
126,126,"Camps Ortiz, Francisco Enrique",28/08/1962,1962,8,28,3
127,127,"Campuzano i CanadÃ©s, Carles",12/07/1964,1964,12,7,4
128,128,"Carabel Pedreira, MarÃ­a Reyes",09/03/1967,1967,9,3,3
129,129,"Caracuel del Olmo, MÂª Amelia",10/07/1954,1954,10,7,4
130,130,"Carrera GonzÃ¡lez, Emilio JosÃ©",03/08/1951,1951,3,8,1
131,131,"Carriegas Robledo, Rafael",21/09/1964,1964,9,21,3
132,132,"Casado Miranda, MartÃ­n Ãngel",02/08/1954,1954,2,8,1
133,133,"Castellano RodrÃ­guez, MarÃ­a del Carmen",20/06/1967,1967,6,20,2
134,134,"Castillo JaÃ©n, Eugenio Enrique",22/07/1954,1954,7,22,3
135,135,"Castro Fonseca, MarÃ­a Luisa",18/08/1946,1946,8,18,3
136,136,"Castro Masaveu, Alicia",27/08/1952,1952,8,27,3
137,137,"Cava de Llano y CarriÃ³, MarÃ­a Luisa",22/05/1948,1948,5,22,2
138,138,"Centella GÃ³mez, JosÃ© Luis",31/07/1958,1958,7,31,3
139,139,"ChacÃ³n Piqueras, Carme",13/03/1971,1971,3,13,1
140,140,"Chapela Seijo, JosÃ© Manuel",15/10/1958,1958,10,15,4
141,141,"CÃ­scar CasabÃ¡n, CipriÃ ",22/12/1946,1946,12,22,4
142,142,"Cisneros Laborda, Gabriel",14/08/1940,1940,8,14,3
143,143,"Clotas Cierco, Salvador",04/06/1938,1938,4,6,2
144,144,"Companys Sanfeliu, RamÃ³n",07/09/1949,1949,7,9,3
145,145,"Compte Llusa, MarÃ­a Dolores",10/01/1964,1964,10,1,4
146,146,"Conde GutiÃ©rrez del Alamo, Rosa",07/09/1947,1947,7,9,3
147,147,"Contreras Linares, Eduardo Javier",22/07/1953,1953,7,22,3
148,148,"Contreras PÃ©rez, Francisco",27/08/1950,1950,8,27,3
149,149,"Corres Vaquero, Paloma",05/04/1971,1971,5,4,2
150,150,"Clotas Cierco, Salvador",04/06/1938,1938,4,6,2
151,151,"CortÃ©s MartÃ­n, Miguel Ãngel",14/07/1958,1958,7,14,3
152,152,"Costa Campi, MÂª Teresa",31/07/1951,1951,7,31,3
153,153,"Costa Climent, Juan",10/04/1965,1965,10,4,4
154,154,"Costas Manzanares, MarÃ­a Reyes",19/01/1961,1961,1,19,1
155,155,"Cruz ValentÃ­n, Raquel de la",19/02/1970,1970,2,19,1
156,156,"Cuadrado Bausela, JesÃºs",24/12/1952,1952,12,24,4
157,157,"Cuesta MartÃ­nez, Ãlvaro",28/06/1955,1955,6,28,2
158,158,"Cuevas Delgado, Antonio",07/05/1949,1949,7,5,3
159,159,"Cunillera i Mestres, Teresa",17/02/1951,1951,2,17,1
160,160,"Dancausa TreviÃ±o, MarÃ­a ConcepciÃ³n",26/02/1952,1952,2,26,1
161,161,"Delgado Arce, Celso Luis",23/02/1958,1958,2,23,1
162,162,"DÃ­az DÃ­az, Manuel Ceferino",01/04/1947,1947,1,4,1
163,163,"DÃ­az-Cano del Rey, MÃ¡ximo RamÃ³n",23/03/1960,1960,3,23,1
164,164,"DÃ­ez de BaldeÃ³n GarcÃ­a, Clementina",15/03/1953,1953,3,15,1
165,165,"DÃ­ez de la Lastra Barbadillo, MarÃ­a Isabel",23/02/1944,1944,2,23,1
166,166,"DurÃ¡n SÃ¡nchez, Inmaculada",05/03/1969,1969,5,3,2
167,167,"Edo Gil, Mario",10/09/1958,1958,10,9,4
168,168,"Eguiagaray Ucelay, Juan Manuel",25/12/1945,1945,12,25,4
169,169,"Encina Ortega, Salvador de la",08/04/1958,1958,8,4,3
170,170,"Erkoreka Gervasio, Josu IÃ±aki",03/07/1960,1960,3,7,1
171,171,"Escudero Zamora, Manuel MarÃ­a",29/03/1946,1946,3,29,1
172,172,"Escuredo Franco, Ãngel",28/04/1947,1947,4,28,2
173,173,"Espinosa LÃ³pez, RosalÃ­a de los Ãngeles",10/10/1969,1969,10,10,4
174,174,"EstarÃ¡s Ferragut, MÂª Rosa",21/10/1965,1965,10,21,4
175,175,"Esteve Ferrer, HÃ©ctor",28/01/1966,1966,1,28,1
176,176,"Estrella Pedrola, Rafael",20/05/1950,1950,5,20,2
177,177,"ExpÃ³sito Molina, MÂª Luisa",22/05/1951,1951,5,22,2
178,178,"Faraldo Botana, MarÃ­a Fernanda",18/10/1966,1966,10,18,4
179,179,"FariÃ±as Sobrino, HipÃ³lito",28/05/1960,1960,5,28,2
180,180,"Febrer Santandreu, Antonia",24/01/1973,1973,1,24,1
181,181,"FernÃ¡ndez Aguilar, Adolfo",26/09/1935,1935,9,26,3
182,182,"FernÃ¡ndez ChacÃ³n, JosÃ©",03/02/1954,1954,3,2,1
183,183,"FernÃ¡ndez de la Vega Sanz, MarÃ­a Teresa",15/06/1949,1949,6,15,2
184,184,"FernÃ¡ndez de Mesa DÃ­az del RÃ­o, Arsenio",20/07/1955,1955,7,20,3
185,185,"FernÃ¡ndez de TrocÃ³niz Marcos, Fernando",21/09/1952,1952,9,21,3
186,186,"FernÃ¡ndez DÃ­az, Jorge",06/04/1950,1950,6,4,2
187,187,"FernÃ¡ndez GonzÃ¡lez, MarÃ­a Mercedes",04/08/1960,1960,4,8,2
188,188,"FernÃ¡ndez MarugÃ¡n, Francisco Miguel",06/10/1946,1946,6,10,2
189,189,"FernÃ¡ndez Rozada, Isidro",26/12/1943,1943,12,26,4
190,190,"FernÃ¡ndez-Capel BaÃ±os, Blanca",29/01/1946,1946,1,29,1
191,191,"FernÃ¡ndez-Miranda y Lozana, Enrique",12/09/1949,1949,12,9,4
192,192,"Ferrando Sendra, MarÃ­a Amparo",25/10/1965,1965,10,25,4
193,193,"Fidalgo Francisco, Alberto",22/07/1958,1958,7,22,3
194,194,"Folgado Blanco, JosÃ©",03/04/1944,1944,3,4,1
195,195,"Frutos Gras, Francisco",25/01/1939,1939,1,25,1
196,196,"Gallego LÃ³pez, JosÃ© Antonio",11/11/1942,1942,11,11,4
197,197,"Gallizo Llamas, Mercedes",02/12/1952,1952,2,12,1
198,198,"GÃ¡mir Casares, Luis",08/05/1942,1942,8,5,3
199,199,"GarcÃ­a Arias, Ludivina",13/12/1945,1945,12,13,4
200,200,"GarcÃ­a Arias, MarÃ­a Trinidad",16/12/1961,1961,12,16,4
201,201,"GarcÃ­a Breva, Francisco Javier",05/07/1952,1952,5,7,2
202,202,"GarcÃ­a GÃ³mez, Javier Ignacio",15/11/1959,1959,11,15,4
203,203,"GarcÃ­a Hernando, JosÃ©",30/10/1955,1955,10,30,4
204,204,"GarcÃ­a Manzanares, Blanca",25/06/1946,1946,6,25,2
205,205,"GarcÃ­a PÃ©rez, Iratxe",07/10/1974,1974,7,10,3
206,206,"GarcÃ­a-AlcaÃ±iz Calvo, Elena",29/11/1938,1938,11,29,4
207,207,"GarcÃ­a-Hierro Caraballo, Dolores",16/05/1959,1959,5,16,2
208,208,"Gil LÃ¡zaro, Ignacio",23/09/1957,1957,9,23,3
209,209,"Gil LÃ³pez, MarÃ­a Yolanda",01/01/1964,1964,1,1,1
210,210,"GÃ³mez Darmendrail, Javier",07/03/1949,1949,7,3,3
211,211,"GÃ³mez-Alba Ruiz, Sergio",25/07/1943,1943,7,25,3
212,212,"GonzÃ¡lez de Txabarri Miranda, Joxe Joan",30/11/1956,1956,11,30,4
213,213,"GonzÃ¡lez del Valle GarcÃ­a de la PeÃ±a, MarÃ­a JosÃ©",03/12/1952,1952,3,12,1
214,214,"GonzÃ¡lez MÃ¡rquez, Felipe",05/03/1942,1942,5,3,2
215,215,"GonzÃ¡lez PÃ©rez, Francisco Antonio",31/08/1960,1960,8,31,3
216,216,"GonzÃ¡lez Serna, Justo",24/04/1957,1957,4,24,2
217,217,"GonzÃ¡lez Vigil, Luis",11/02/1954,1954,11,2,4
218,218,"Gorostiaga Saiz, MarÃ­a Dolores",24/02/1957,1957,2,24,1
219,219,"Gorri Gil, Eva MarÃ­a",07/05/1968,1968,7,5,3
220,220,"GortÃ¡zar EcheverrÃ­a, Guillermo",20/07/1951,1951,7,20,3
221,221,"Gracia JimÃ©nez, MarÃ­a Pilar",18/05/1967,1967,5,18,2
222,222,"Grandes Pascual, Luis de",27/01/1945,1945,1,27,1
223,223,"Grau i BuldÃº, Pere",24/11/1944,1944,11,24,4
224,224,"GriÃ±Ã¡n MartÃ­nez, JosÃ© Antonio",07/06/1946,1946,7,6,3
225,225,"Guardans i CambÃ³, Ignasi",18/05/1964,1964,5,18,2
226,226,"Guarinos LÃ³pez, Ana Cristina",03/06/1969,1969,3,6,1
227,227,"Guerra GalvÃ¡n, Ana MarÃ­a",09/09/1946,1946,9,9,3
228,228,"Guerra GonzÃ¡lez, Alfonso",31/05/1940,1940,5,31,2
229,229,"Guerra Zunzunegui, Juan Carlos",01/02/1935,1935,1,2,1
230,230,"GutiÃ©rrez Molina, Antonio",12/01/1950,1950,12,1,4
231,231,"Heredia DÃ­az, Miguel Ãngel",21/08/1966,1966,8,21,3
232,232,"HernÃ¡ndez CerviÃ±o, Guillermo",03/09/1947,1947,3,9,1
233,233,"HernÃ¡ndez RodrÃ­guez, Felipe",14/05/1946,1946,5,14,2
234,234,"Hernando Fraile, Rafael Antonio",13/11/1961,1961,11,13,4
235,235,"Hernansanz Ruiz, MarÃ­a de Gracia",20/03/1948,1948,3,20,1
236,236,"Herrera Antonaya, JosÃ© Francisco",12/10/1969,1969,12,10,4
237,237,"Herrera MartÃ­nez de Campos, ÃÃ±igo",12/08/1950,1950,12,8,4
238,238,"Iglesias GarcÃ­a, Francisco Javier",26/04/1969,1969,4,26,2
239,239,"Isasi GÃ³mez, NeftalÃ­",07/11/1945,1945,7,11,3
240,240,"Izquierdo JuÃ¡rez, Pablo Marcial",20/01/1958,1958,1,20,1
241,241,"JanÃ© i Guasch, Jordi",26/11/1963,1963,11,26,4
242,242,"Jauregi Bereziartua, Jon",01/11/1964,1964,1,11,1
243,243,"JÃ¡uregui Atondo, RamÃ³n",01/09/1948,1948,1,9,1
244,244,"JimÃ©nez SuÃ¡rez, JosÃ©",29/05/1946,1946,5,29,2
245,245,"Juan i Casadevall, Jordi de",23/04/1967,1967,4,23,2
246,246,"Juan Sanz, JosÃ© Luis",27/06/1939,1939,6,27,2
247,247,"Juaneda Zaragoza, MarÃ­a Rosario",09/04/1952,1952,9,4,3
248,248,"Julios Reyes, MÂª del Mar",28/09/1958,1958,9,28,3
249,249,"Labordeta SubÃ­as, JosÃ© Antonio",10/03/1935,1935,10,3,4
250,250,"Landaluce Calleja, JosÃ© Ignacio",03/02/1959,1959,3,2,1
251,251,"Lanzuela Marina, Santiago",27/09/1948,1948,9,27,3
252,252,"JÃ¡uregui Atondo, RamÃ³n",01/09/1948,1948,1,9,1
253,253,"Lara CarbÃ³, MarÃ­a Teresa de",13/12/1944,1944,12,13,4
254,254,"Lasagabaster OlazÃ¡bal, BegoÃ±a",22/09/1962,1962,9,22,3
255,255,"Leguina HerrÃ¡n, JoaquÃ­n",05/05/1941,1941,5,5,2
256,256,"Lissavetzky DÃ­ez, Jaime",27/09/1951,1951,9,27,3
257,257,"Llamazares Trigo, Gaspar",28/11/1957,1957,11,28,4
258,258,"Llorens Torres, JosÃ© Ignacio",16/05/1943,1943,5,16,2
259,259,"LÃ³pez Aguilar, Juan Fernando",10/06/1961,1961,10,6,4
260,260,"LÃ³pez de Lerma i LÃ³pez, Josep",30/11/1950,1950,11,30,4
261,261,"LÃ³pez Garrido, Diego",08/09/1947,1947,8,9,3
262,262,"LÃ³pez GonzÃ¡lez, MarÃ­a JosÃ©",16/01/1960,1960,1,16,1
263,263,"LÃ³pez i Chamosa, Isabel",18/10/1953,1953,10,18,4
264,264,"LÃ³pez Iglesias, GermÃ¡n Augusto",13/08/1950,1950,8,13,3
265,265,"LÃ³pez-Amor GarcÃ­a, Fernando",06/05/1952,1952,6,5,2
266,266,"LÃ³pez-Medel BÃ¡scones, JesÃºs",15/08/1959,1959,8,15,3
267,267,"Luis RodrÃ­guez, TeÃ³filo de",20/06/1952,1952,6,20,2
268,268,"Luque Aguilar, Florencio",08/08/1957,1957,8,8,3
269,269,"Madero Jarabo, JosÃ©",11/03/1947,1947,11,3,4
270,270,"Maldonado i Gili, Josep",05/11/1952,1952,5,11,2
271,271,"Mancha Cadenas, JesÃºs AndrÃ©s",30/11/1941,1941,11,30,4
272,272,"Mantilla RodrÃ­guez, Carlos",10/07/1944,1944,10,7,4
273,273,"Marcet i Morera, Joan",22/04/1950,1950,4,22,2
274,274,"Mardones Sevilla, Luis",16/02/1938,1938,2,16,1
275,275,"MarÃ­n GonzÃ¡lez, Manuel",21/10/1949,1949,10,21,4
276,276,"MarÃ­n Izquierdo, JosÃ© Ignacio",09/03/1953,1953,9,3,3
277,277,"Mariscal de Gante MirÃ³n, Margarita",10/01/1954,1954,10,1,4
278,278,"MarÃ³n BeltrÃ¡n, Carmen",29/11/1944,1944,11,29,4
279,279,"MarquÃ­nez MarquÃ­nez, Luis",05/01/1945,1945,5,1,2
280,280,"Marsal Muntala, Jordi",08/05/1951,1951,8,5,3
281,281,"MartÃ­ i Galbis, Jordi",29/04/1961,1961,4,29,2
282,282,"MartÃ­n MarÃ­n, Pedro Antonio",04/07/1949,1949,4,7,2
283,283,"MartÃ­n Soledad, Miguel Ãngel",13/09/1954,1954,9,13,3
284,284,"MartÃ­n Vigil, Francesca",02/04/1947,1947,2,4,1
285,285,"MartÃ­n Vivas, Gloria",12/06/1952,1952,12,6,4
286,286,"MartÃ­nez CasaÃ±, Guillermo",04/12/1955,1955,4,12,2
287,287,"MartÃ­nez Cervera, Inmaculada",05/10/1971,1971,5,10,2
288,288,"MartÃ­nez Fraile, Raimon",14/04/1947,1947,4,14,2
289,289,"MartÃ­nez Laseca, JosÃ© MarÃ­a",28/01/1955,1955,1,28,1
290,290,"MartÃ­nez Maillo, Fernando",28/09/1969,1969,9,28,3
291,291,"MartÃ­nez Noval, Luis",03/07/1948,1948,3,7,1
292,292,"MartÃ­nez SanjuÃ¡n, Ãngel",08/04/1951,1951,8,4,3
293,293,"MartÃ­nez-Pujalte LÃ³pez, Vicente",11/01/1956,1956,11,1,4
294,294,"Martorell PallÃ¡s, MÂª del Carmen",28/03/1942,1942,3,28,1
295,295,"Marzal MartÃ­nez, Amparo Rita",27/12/1952,1952,12,27,4
296,296,"Matador de Matos, Carmen",27/02/1969,1969,2,27,1
297,297,"MatarÃ­ SÃ¡ez, Juan JosÃ©",24/12/1959,1959,12,24,4
298,298,"Mateos Yuste, Rafael",22/06/1947,1947,6,22,2
299,299,"Mato Adrover, Ana",24/09/1959,1959,9,24,3
300,300,"Mato Adrover, Gabriel",29/04/1961,1961,4,29,2
301,301,"Mauricio RodrÃ­guez, JosÃ© Carlos",04/11/1941,1941,4,11,2
302,302,"Mayor Oreja, Jaime",12/07/1951,1951,12,7,4
303,303,"Mayoral CortÃ©s, Victorino",15/09/1940,1940,9,15,3
304,304,"MendizÃ¡bal Gorostiaga, Arantza",22/02/1950,1950,2,22,1
305,305,"Merino Delgado, JesÃºs",06/02/1954,1954,6,2,2
306,306,"Merino LÃ³pez, Rafael",08/01/1959,1959,8,1,3
307,307,"Merino SantamarÃ­a, Antonio",04/05/1940,1940,4,5,2
308,308,"Mauricio RodrÃ­guez, JosÃ© Carlos",04/11/1941,1941,4,11,2
309,309,"Mingo Zapatero, Mario",30/11/1947,1947,11,30,4
310,310,"Miquel SerdÃ¡, MÃ²nica",18/11/1962,1962,11,18,4
311,311,"Miralles i Guasch, MarÃ­a del Carme",14/05/1961,1961,5,14,2
312,312,"Moneo DÃ­ez, MarÃ­a Sandra",14/07/1969,1969,7,14,3
313,313,"Montelongo GonzÃ¡lez, Ãgueda",05/02/1970,1970,5,2,2
314,314,"Montoro Romero, CristÃ³bal Ricardo",28/07/1950,1950,7,28,3
315,315,"Montseny Masip, MarÃ­a Reyes",14/12/1948,1948,12,14,4
316,316,"MonzÃ³n Cabrera, MarÃ­a Soledad",24/07/1967,1967,7,24,3
317,317,"Moragues Gomila, Alberto",26/06/1953,1953,6,26,2
318,318,"Morano Masa, Juan",05/12/1941,1941,5,12,2
319,319,"Moreno Bonilla, Juan Manuel",01/05/1970,1970,1,5,1
320,320,"Moreno Bustos, RamÃ³n",26/05/1966,1966,5,26,2
321,321,"Moreno Sirodey, Nazaria",02/08/1952,1952,2,8,1
322,322,"MÃºgica Herzog, Enrique",20/02/1932,1932,2,20,1
323,323,"MorlÃ¡n Gracia, VÃ­ctor",09/05/1947,1947,9,5,3
324,324,"MuÃ±oz Gallego, Juan Antonio",08/01/1945,1945,8,1,3
325,325,"MuÃ±oz SantamarÃ­a, Lourdes",15/12/1969,1969,12,15,4
326,326,"MuÃ±oz Uriol, Ãngeles",20/01/1960,1960,1,20,1
327,327,"Murcia BarcelÃ³, Francisco Vicente",27/10/1949,1949,10,27,4
328,328,"Nasarre Goicoechea, Eugenio",02/03/1946,1946,2,3,1
329,329,"Navarrete Merino, Carlos",04/11/1938,1938,4,11,2
330,330,"Navarro GarzÃ³n, Micaela",02/09/1956,1956,2,9,1
331,331,"Nestares GarcÃ­a-Trevijano, MarÃ­a del Carmen",15/06/1945,1945,6,15,2
332,332,"Nieto GonzÃ¡lez, JerÃ³nimo",30/09/1948,1948,9,30,3
333,333,"NÃºÃ±ez Castain, JosÃ©",11/12/1950,1950,11,12,4
334,334,"NÃºÃ±ez LeÃ³n, Carlos",08/02/1975,1975,8,2,3
335,335,"NÃºÃ±ez PÃ©rez, Manuel",28/10/1933,1933,10,28,4
336,336,"Oliart i Pons, Joan",06/04/1932,1932,6,4,2
337,337,"Ollero Tassara, AndrÃ©s",15/05/1944,1944,5,15,2
338,338,"Olmedo Checa, MÂª del Carmen",12/08/1949,1949,12,8,4
339,339,"Oltra Torres, MarÃ­a AsunciÃ³n",14/08/1963,1963,8,14,3
340,340,"Organero Serrano, Miguel",02/03/1942,1942,2,3,1
341,341,"Ortiz GonzÃ¡lez, Luis",03/07/1932,1932,3,7,1
342,342,"Ortiz PÃ©rez, Juan JosÃ©",30/05/1945,1945,5,30,2
343,343,"Otxoa de Eribe Elorza, Juan JosÃ©",17/07/1942,1942,7,17,3
344,344,"Padilla Carballada, Julio",30/01/1950,1950,1,30,1
345,345,"Padrol i MuntÃ©, Heribert",20/09/1964,1964,9,20,3
346,346,"PajÃ­n Iraola, Leire",16/09/1976,1976,9,16,3
347,347,"Palma i MuÃ±oz, Montserrat",24/07/1959,1959,7,24,3
348,348,"Pastor JuliÃ¡n, Ana MarÃ­a",11/11/1957,1957,11,11,4
349,349,"Pedret i Grenzner, Jordi",29/10/1950,1950,10,29,4
350,350,"Perales Pizarro, Alfonso",19/07/1954,1954,7,19,3
351,351,"Perea Cortijo, JesÃºs Javier",14/04/1976,1976,4,14,2
352,352,"PÃ©rez Brito, Raquel LucÃ­a",13/12/1970,1970,12,13,4
353,353,"PÃ©rez Casado, Ricard",27/10/1945,1945,10,27,4
354,354,"PÃ©rez Corgos, JesÃºs Manuel",18/10/1958,1958,10,18,4
355,355,"PÃ©rez DomÃ­nguez, MarÃ­a Soledad",15/10/1958,1958,10,15,4
356,356,"PÃ©rez LapazarÃ¡n, JosÃ© Cruz",24/12/1952,1952,12,24,4
357,357,"PÃ©rez Laserna, PÃ­o",28/06/1955,1955,6,28,2
358,358,"PÃ©rez Rubalcaba, Alfredo",07/05/1949,1949,7,5,3
359,359,"PÃ©rez Tabares, Ãngel AndrÃ³nico",17/02/1951,1951,2,17,1
360,360,"PÃ©rez-Hickman SilvÃ¡n, Mariano",26/02/1952,1952,2,26,1
361,361,"Peris Cervera, Rosa MarÃ­a",23/02/1958,1958,2,23,1
362,362,"Pigem i PalmÃ©s, MÂª MercÃ¨",01/04/1947,1947,1,4,1
363,363,"Pin Arboledas, Margarita",23/03/1960,1960,3,23,1
364,364,"Pintado Barbanoj, Ãngel",15/03/1953,1953,3,15,1
365,365,"PiquÃ© i Camps, Josep",23/02/1944,1944,2,23,1
366,366,"Pisonero Ruiz, MÂª Elena",05/03/1969,1969,5,3,2
367,367,"Pla DurÃ¡, Joan Ignasi",10/09/1958,1958,10,9,4
368,368,"Pleguezuelos Aguilar, Francisca",25/12/1945,1945,12,25,4
369,369,"Pliego Cubero, JosÃ©",08/04/1958,1958,8,4,3
370,370,"Pol Cabrer, Francisca",03/07/1960,1960,3,7,1
371,371,"Posada Moreno, JesÃºs",29/03/1946,1946,3,29,1
372,372,"Pozuelo MeÃ±o, MarÃ­a Isabel",28/04/1947,1947,4,28,2
373,373,"Prim TomÃ¡s, Miguel Vicente",10/10/1969,1969,10,10,4
374,374,"Puche RodrÃ­guez-Acosta, Gabino",21/10/1965,1965,10,21,4
375,375,"Puig i OlivÃ©, LluÃ­s MarÃ­a de",28/01/1966,1966,1,28,1
376,376,"PuigcercÃ³s i Boixassa, Joan",02/12/1966,1966,2,12,1
377,377,"Quintana Viar, JosÃ©",13/04/1953,1953,4,13,2
378,378,"Quintanilla Barba, MarÃ­a del Carmen",11/05/1954,1954,11,5,4
379,379,"Quintilla Salamero, RamÃ³n Miguel",17/02/1954,1954,2,17,1
380,380,"QuirÃ³s Pulgar, SebastiÃ¡n",18/05/1962,1962,5,18,2
381,381,"Rajoy Brey, Mariano",27/03/1955,1955,3,27,1
382,382,"Rato Figaredo, Rodrigo de",18/03/1949,1949,3,18,1
383,383,"Rego Cobo, Benito JesÃºs",29/10/1932,1932,10,29,4
384,384,"QuirÃ³s Pulgar, SebastiÃ¡n",18/05/1962,1962,5,18,2
385,385,"RejÃ³n Gieb, Luis Carlos",21/10/1951,1951,10,21,4
386,386,"Revuelta MÃ©ndez, Carlos",02/04/1960,1960,2,4,1
387,387,"Reyes Miranda, Ofelia MÂª del Cristo",14/09/1952,1952,9,14,3
388,388,"RicomÃ¡ de Castellarnau, Francesc",27/01/1960,1960,1,27,1
389,389,"Riera i Ben, MarÃ­a Zoila",20/01/1954,1954,1,20,1
390,390,"Riera i ReÃ±Ã©, Immaculada",31/10/1960,1960,10,31,4
391,391,"Riera Madurell, MarÃ­a Teresa",13/10/1950,1950,10,13,4
392,392,"Reguera DÃ­az, CÃ¡ndido",28/01/1958,1958,1,28,1
393,393,"Ripoll GÃ¡lvez, DamiÃ¡n",27/04/1972,1972,4,27,2
394,394,"Rivas FontÃ¡n, JosÃ©",31/08/1941,1941,8,31,3
395,395,"Rivero Baute, Paulino",11/02/1952,1952,11,2,4
396,396,"Robles Fraga, JosÃ© MarÃ­a",10/04/1956,1956,10,4,4
397,397,"Robles Orozco, Gonzalo",20/04/1959,1959,4,20,2
398,398,"RodrÃ­guez BolaÃ±os, TomÃ¡s",01/01/1944,1944,1,1,1
399,399,"RodrÃ­guez Callao, Berta",17/10/1959,1959,10,17,4
400,400,"RodrÃ­guez DÃ­az, InÃ©s MarÃ­a",13/03/1956,1956,3,13,1
401,401,"RodrÃ­guez LÃ³pez, MÂª Dolores",13/12/1953,1953,12,13,4
402,402,"RodrÃ­guez SÃ¡nchez, Francisco",22/11/1945,1945,11,22,4
403,403,"RodrÃ­guez Zapatero, JosÃ© Luis",04/08/1960,1960,4,8,2
404,404,"RodrÃ­guez-Salmones Cabeza, Beatriz",20/05/1944,1944,5,20,2
405,405,"Rogado HernÃ¡ndez, MarÃ­a EncarnaciÃ³n",18/04/1963,1963,4,18,2
406,406,"RomÃ¡n Jasanada, Antonio",21/06/1965,1965,6,21,2
407,407,"Romay BeccarÃ­a, JosÃ© Manuel",18/01/1934,1934,1,18,1
408,408,"Romero GirÃ³n, Aurelio",25/12/1947,1947,12,25,4
409,409,"Romero LÃ³pez, Carmen",15/11/1946,1946,11,15,4
410,410,"Romero SÃ¡nchez, Rosa MarÃ­a",14/02/1970,1970,2,14,1
411,411,"Romeu MartÃ­, Francesc Joaquim",21/05/1974,1974,5,21,2
412,412,"Rubiales TorrejÃ³n, Amparo",20/10/1945,1945,10,20,4
413,413,"Rudi Ãbeda, Luisa Fernanda",13/12/1950,1950,12,13,4
414,414,"Ruiz LÃ³pez, Antero",13/11/1950,1950,11,13,4
415,415,"Ruiz LÃ³pez, Juan Carlos",04/06/1967,1967,4,6,2
