,Nombre,Nacimiento,year,month,day,trimestre
0,"Ábalos Meco, José Luis",09/12/1959,1959,9,12,3
1,"Abascal Conde, Santiago",14/04/1976,1976,4,14,2
2,"Aceves Galindo, José Luis",21/05/1970,1970,5,21,2
3,"Agirretxea Urresti, Joseba Andoni",06/08/1966,1966,6,8,2
4,"Aizcorbe Torra, Juan José",09/07/1959,1959,9,7,3
5,"Aizpurua Arzallus, Mertxe",08/01/1960,1960,8,1,3
6,"Alcaraz Martos, Francisco José",09/11/1968,1968,9,11,3
7,"Alfonso Cendón, Javier",21/10/1983,1983,10,21,4
8,"Almodóbar Barceló, Agustín",01/12/1977,1977,1,12,1
9,"Alonso Pérez, José Ángel",22/02/1993,1993,2,22,1
10,"Alonso Suárez, María Olga",12/07/1962,1962,12,7,4
11,"Álvarez de Toledo Peralta-Ramos, Cayetana",15/10/1974,1974,10,15,4
12,"Álvarez Fanjul, Beatriz",23/08/1991,1991,8,23,3
13,"Álvarez i García, Gerard",06/05/1989,1989,6,5,2
14,"Andrés Añón, Carmen",19/10/1964,1964,10,19,4
15,"Andrés Barea, Josefa",17/02/1958,1958,2,17,1
16,"Anguita Pérez, Omar",03/11/1990,1990,3,11,1
17,"Angulo Romero, María Teresa",17/05/1968,1968,5,17,2
18,"Antón Cacho, Javier",24/10/1972,1972,10,24,4
19,"Aragonés Mendiguchía, Carlos",14/10/1956,1956,10,14,4
20,"Aranda Vargas, Francisco",30/06/1977,1977,6,30,2
21,"Araujo Morales, Gemma",05/03/1979,1979,5,3,2
22,"Arribas Maroto, Manuel",13/12/1986,1986,12,13,4
23,"Arrimadas García, Inés",03/07/1981,1981,3,7,1
24,"Asarta Cuevas, Alberto",14/11/1951,1951,11,14,4
25,"Asens Llodrà, Jaume",29/03/1972,1972,3,29,1
26,"Azorín Salar, Lázaro",09/04/1975,1975,9,4,3
27,"Bal Francés, Edmundo",02/07/1967,1967,2,7,1
28,"Baldoví Roda, Joan",07/08/1958,1958,7,8,3
29,"Baños Ruiz, Carmen",22/10/1972,1972,10,22,4
30,"Barandiaran Benito, Íñigo",19/02/1959,1959,2,19,1
31,"Bas Corugeira, Javier",13/03/1963,1963,3,13,1
32,"Bassa Coll, Montserrat",20/04/1965,1965,4,20,2
33,"Batet Lamaña, Meritxell",19/03/1973,1973,3,19,1
34,"Bel Accensi, Ferran",01/06/1965,1965,1,6,1
35,"Belarra Urteaga, Ione",25/09/1987,1987,9,25,3
36,"Beltrán Villalba, Ana María",16/01/1966,1966,1,16,1
37,"Berja Vega, Laura",05/07/1986,1986,5,7,2
38,"Bermúdez de Castro Fernández, José Antonio",05/09/1959,1959,5,9,2
39,"Betoret Coll, Vicente",06/09/1972,1972,6,9,2
40,"Blanquer Alcaraz, Patricia",12/05/1973,1973,12,5,4
41,"Boadella Esteve, Genís",20/03/1979,1979,3,20,1
42,"Borrás Pabón, Mireia",14/10/1986,1986,10,14,4
43,"Borrego Cortés, Isabel María",11/05/1968,1968,11,5,4
44,"Botella Gómez, Ana María",12/02/1958,1958,12,2,4
45,"Botran Pahissa, Albert",14/01/1984,1984,1,14,1
46,"Bravo Barco, Eva",10/05/1976,1976,10,5,4
47,"Bueno Campanario, Eva Patricia",29/05/1971,1971,5,29,2
48,"Bustamante Martín, Miguel Ángel",01/08/1984,1984,1,8,1
49,"Caballero Gutiérrez, Helena",13/07/1959,1959,7,13,3
50,"Cabezón Casas, Tomás",07/12/1981,1981,7,12,3
51,"Callejas Cano, Juan Antonio",24/10/1974,1974,10,24,4
52,"Calvo Gómez, Pilar",03/05/1963,1963,3,5,1
53,"Calvo Liste, Pablo Juan",17/02/1965,1965,2,17,1
54,"Calvo Poyato, Carmen",09/06/1957,1957,9,6,3
55,"Cambronero Piqueras, Pablo",01/09/1979,1979,1,9,1
56,"Canales Duque, Mariana de Gracia",01/11/1975,1975,1,11,1
57,"Cantera de Castro, Zaida",06/06/1977,1977,6,6,2
58,"Cañadell Salvia, Concep",21/10/1977,1977,10,21,4
59,"Cañizares Pacheco, Inés María",27/09/1970,1970,9,27,3
60,"Capdevila i Esteve, Joan",12/07/1965,1965,12,7,4
61,"Carazo Hermoso, Eduardo",06/01/1990,1990,6,1,2
62,"Carcedo Roces, María Luisa",30/08/1953,1953,8,30,3
63,"Carrillo de los Reyes, Beatriz Micaela",02/06/1975,1975,2,6,1
64,"Carvalho Dantas, María",21/05/1969,1969,5,21,2
65,"Casado Blanco, Pablo",01/02/1981,1981,1,2,1
66,"Casares Hontañón, Pedro",05/10/1983,1983,5,10,2
67,"Casero Ávila, Alberto",15/11/1978,1978,11,15,4
68,"Castellón Rubio, Miguel Ángel",22/01/1979,1979,1,22,1
69,"Castillo López, Elena",02/10/1976,1976,2,10,1
70,"Cerdán León, Santos",04/05/1969,1969,4,5,2
71,"Cerqueiro González, Javier",20/02/1969,1969,2,20,1
72,"Chamorro Delmo, Ricardo",01/01/1977,1977,1,1,1
73,"Clavell López, Óscar",07/09/1978,1978,7,9,3
74,"Constenla Carbón, Juan Manuel",24/06/1964,1964,6,24,2
75,"Contreras Peláez, Francisco José",17/02/1964,1964,2,17,1
76,"Cortés Carballo, Mario",25/10/1977,1977,10,25,4
77,"Cortés Gómez, Ismael",06/09/1985,1985,6,9,2
78,"Crespín Rubio, Rafaela",05/12/1976,1976,5,12,2
79,"Cruz-Guzmán García, María Soledad",30/08/1975,1975,8,30,3
80,"Cuatrecasas Asua, Juan",07/05/1965,1965,7,5,3
81,"De las Heras Fernández, Patricia",15/06/1988,1988,6,15,2
82,"De Luna Tobarra, Llanos",03/03/1960,1960,3,3,1
83,"De Meer Méndez, Rocío",26/12/1989,1989,12,26,4
84,"Del Valle de Iscar, Julio",02/07/1972,1972,2,7,1
85,"Del Valle Rodríguez, Emilio Jesús",26/12/1960,1960,12,26,4
86,"Delgado Arce, Celso Luis",23/02/1958,1958,2,23,1
87,"Delgado Ramos, Juan Antonio",18/03/1971,1971,3,18,1
88,"Díaz Gómez, Guillermo",29/04/1978,1978,4,29,2
89,"Díaz Pérez, Yolanda",06/05/1971,1971,6,5,2
90,"Diouf Dioh, Luc Andre",18/01/1965,1965,1,18,1
91,"Durán Peralta, José Carlos",04/04/1987,1987,4,4,2
92,"Echániz Salgado, José Ignacio",14/09/1963,1963,9,14,3
93,"Echenique Robba, Pablo",28/08/1978,1978,8,28,3
94,"Elizo Serrano, María Gloria",11/12/1966,1966,11,12,4
95,"Elorriaga Pisarik, Gabriel",11/06/1962,1962,11,6,4
96,"Elorza González, Odón",31/05/1955,1955,5,31,2
97,"Eritja Ciuró, Francesc Xavier",26/03/1970,1970,3,26,1
98,"Errejón Galván, Íñigo",14/12/1983,1983,12,14,4
99,"España Reina, Carolina",24/08/1969,1969,8,24,3
100,"Espejo-Saavedra Conesa, José María",20/07/1976,1976,7,20,3
101,"Espinosa de los Monteros de Simón, Iván",03/01/1971,1971,3,1,1
102,"Esteban Bravo, Aitor",21/06/1962,1962,6,21,2
103,"Esteban Calonje, Cristina Alicia",05/11/1976,1976,5,11,2
104,"Fagúndez Campo, Antidio",13/02/1976,1976,2,13,1
105,"Faneca López, María Luisa",13/09/1957,1957,9,13,3
106,"Fernández Benéitez, Andrea",20/10/1992,1992,10,20,4
107,"Fernández Casero, Ana Belén",22/12/1974,1974,12,22,4
108,"Fernández Castañón, Sofía",01/11/1983,1983,1,11,1
109,"Fernández Hernández, Pedro",11/02/1970,1970,11,2,4
110,"Fernández Ríos, Tomás",27/02/1969,1969,2,27,1
111,"Fernández-Lomana Gutiérrez, Rafael",16/08/1965,1965,8,16,3
112,"Ferrer Tesoro, Sonia",04/02/1973,1973,4,2,2
113,"Figaredo Álvarez-Sala, José María",26/09/1988,1988,9,26,3
114,"Franco Carmona, Isabel",27/11/1985,1985,11,27,4
115,"Fuentes Curbelo, Juan Bernardo",22/04/1962,1962,4,22,2
116,"Gago Bugarín, Diego",08/09/1987,1987,8,9,3
117,"Gamarra Ruiz-Clavijo, Concepción",23/12/1974,1974,12,23,4
118,"Gamazo Micó, Óscar",17/04/1976,1976,4,17,2
119,"Garcés Sanagustín, Mario",29/04/1967,1967,4,29,2
120,"García Adanero, Carlos",07/02/1967,1967,7,2,3
121,"García Chavarría, María Montserrat",03/11/1968,1968,3,11,1
122,"García Díez, Joaquín María",16/09/1954,1954,9,16,3
123,"García Egea, Teodoro",27/01/1985,1985,1,27,1
124,"García Gómez, Valentín",28/02/1963,1963,2,28,1
125,"García López, Maribel",26/11/1973,1973,11,26,4
126,"García Morís, Roberto",05/02/1982,1982,5,2,2
127,"García Puig, María del Mar",28/08/1977,1977,8,28,3
128,"García Rodríguez, Alicia",03/01/1970,1970,3,1,1
129,"García-Pelayo Jurado, María José",06/01/1968,1968,6,1,2
130,"Garrido Gutiérrez, Pilar",15/04/1966,1966,4,15,2
131,"Garzón Espinosa, Alberto",09/10/1985,1985,9,10,3
132,"Gázquez Collado, Paloma",27/04/1969,1969,4,27,2
133,"Gestoso de Miguel, Luis",20/12/1962,1962,12,20,4
134,"Gil Lázaro, Ignacio",23/09/1957,1957,9,23,3
135,"Giménez Giménez, Sara",19/01/1977,1977,1,19,1
136,"Gómez Hernández, Héctor",16/11/1978,1978,11,16,4
137,"Gómez-Reino Varela, Antonio",07/03/1980,1980,7,3,3
138,"González Caballero, Miguel Ángel",06/05/1991,1991,6,5,2
139,"González Coello de Portugal, Víctor",05/09/1975,1975,5,9,2
140,"González Guinda, María del Carmen",28/01/1961,1961,1,28,1
141,"González Laso, Natividad",24/12/1953,1953,12,24,4
142,"González Pérez, Ariagona",15/10/1978,1978,10,15,4
143,"González Ramos, Manuel Gabriel",13/10/1966,1966,10,13,4
144,"González Terol, Antonio",23/08/1976,1976,8,23,3
145,"González Vázquez, Marta",25/01/1965,1965,1,25,1
146,"Gorospe Elezcano, Josune",16/04/1969,1969,4,16,2
147,"Granollers Cunillera, Inés",17/09/1970,1970,9,17,3
148,"Guaita Esteruelas, Sandra",23/07/1976,1976,7,23,3
149,"Guerra López, Sonia",09/01/1977,1977,9,1,3
150,"Guijarro Ceballos, María",13/11/1971,1971,11,13,4
151,"Guijarro García, Txema",15/04/1975,1975,4,15,2
152,"Guinart Moreno, Lídia",30/12/1966,1966,12,30,4
153,"Guitarte Gimeno, Tomás",07/03/1961,1961,7,3,3
154,"Gutiérrez Díaz de Otazu, Fernando Adolfo",29/03/1957,1957,3,29,1
155,"Gutiérrez Prieto, Sergio",11/07/1982,1982,11,7,4
156,"Gutiérrez Salinas, Indalecio",04/09/1974,1974,4,9,2
157,"Gutiérrez Vivas, Miguel Ángel",03/02/1964,1964,3,2,1
158,"Hernanz Costa, Sofía",21/06/1970,1970,6,21,2
159,"Herrero Bono, José Alberto",02/07/1978,1978,2,7,1
160,"Hispán Iglesias de Ussel, Pablo",12/11/1973,1973,12,11,4
161,"Honrubia Hurtado, Pedro Antonio",25/09/1980,1980,9,25,3
162,"Hoyo Juliá, Belén",05/05/1984,1984,5,5,2
163,"Hurtado Zurera, Antonio",02/01/1961,1961,2,1,1
164,"Illamola Dausà, Mariona",11/01/1967,1967,11,1,4
165,"Iñarritu García, Jon",28/03/1979,1979,3,28,1
166,"Jara Moreno, Mercedes",27/06/1963,1963,6,27,2
167,"Jerez Juan, Miguel Ángel",28/01/1974,1974,1,28,1
168,"Jiménez Linuesa, Beatriz",26/05/1985,1985,5,26,2
169,"Jiménez Revuelta, Rodrigo",23/10/1972,1972,10,23,4
170,"José Vélez, Rafael",13/05/1954,1954,5,13,2
171,"Jover Díaz, Antonia",13/12/1958,1958,12,13,4
172,"Lamuà Estañol, Marc",19/05/1980,1980,5,19,2
173,"Lastra Fernández, Adriana",30/03/1979,1979,3,30,1
174,"Leal Fernández, Isaura",06/04/1959,1959,6,4,2
175,"Ledesma Martín, Sebastián Jesús",14/01/1964,1964,1,14,1
176,"Legarda Uriarte, Mikel",12/12/1956,1956,12,12,4
177,"Lima Cid, Fuensanta",24/12/1966,1966,12,24,4
178,"López Álvarez, María Teresa",14/05/1980,1980,5,14,2
179,"López Álvarez, Patxi",04/10/1959,1959,4,10,2
180,"López Cano, Ignacio",24/05/1976,1976,5,24,2
181,"López de Uralde Garmendia, Juan Antonio",08/09/1963,1963,8,9,3
182,"López Domínguez, Laura",30/10/1983,1983,10,30,4
183,"López Maraver, Ángel",18/07/1984,1984,7,18,3
184,"López Somoza, Gema",04/06/1978,1978,4,6,2
185,"López Zamora, Cristina",25/03/1989,1989,3,25,1
186,"López-Bas Valero, Juan Ignacio",17/12/1969,1969,12,17,4
187,"Lorite Lorite, Andrés",08/08/1976,1976,8,8,3
188,"Losada Fernández, José",06/03/1966,1966,6,3,2
189,"Maestro Moliner, Roser",18/11/1988,1988,11,18,4
190,"Manso Olivar, Rubén Silvano",16/12/1966,1966,12,16,4
191,"Marcos Domínguez, Pilar",22/05/1962,1962,5,22,2
192,"Marcos Ortega, Milagros",14/06/1965,1965,6,14,2
193,"Margall Sastre, Joan",02/11/1975,1975,2,11,1
194,"Marí Klose, Pau",15/12/1972,1972,12,15,4
195,"Mariscal Anaya, Guillermo",09/05/1974,1974,9,5,3
196,"Mariscal Zabala, Manuel",23/01/1992,1992,1,23,1
197,"Marra Domínguez, María Ángeles",31/01/1966,1966,1,31,1
198,"Martínez Ferro, María Valentina",21/06/1976,1976,6,21,2
199,"Martínez Granados, María Carmen",01/12/1979,1979,1,12,1
200,"Martínez Oblanca, Isidro Manuel",12/11/1956,1956,12,11,4
201,"Martínez Seijo, María Luz",10/11/1968,1968,10,11,4
202,"Matarí Sáez, Juan José",24/12/1959,1959,12,24,4
203,"Mateu Istúriz, Jaime Miguel",05/06/1957,1957,5,6,2
204,"Matute García de Jalón, Oskar",05/10/1972,1972,5,10,2
205,"Mayoral Perales, Rafael",26/03/1974,1974,3,26,1
206,"Mazón Ramos, José María",23/07/1951,1951,7,23,3
207,"Medel Pérez, Rosa María",02/02/1957,1957,2,2,1
208,"Meijón Couselo, Guillermo Antonio",14/03/1958,1958,3,14,1
209,"Mena Arca, Joan",24/10/1975,1975,10,24,4
210,"Méndez Monasterio, Lourdes",11/02/1957,1957,11,2,4
211,"Merino Martínez, Javier",18/01/1979,1979,1,18,1
212,"Mestre Barea, Manuel",03/01/1952,1952,3,1,1
213,"Mínguez García, Montse",02/07/1976,1976,2,7,1
214,"Miquel i Valentí, Sergi",24/12/1989,1989,12,24,4
215,"Moneo Díez, María Sandra",14/07/1969,1969,7,14,3
216,"Montero Cuadrado, María Jesús",04/02/1966,1966,4,2,2
217,"Montero Gil, Irene María",13/02/1988,1988,2,13,1
218,"Montesinos Aguayo, Pablo",06/09/1985,1985,6,9,2
219,"Montesinos de Miguel, Macarena",30/09/1961,1961,9,30,3
220,"Moraleja Gómez, Tristana María",17/08/1971,1971,8,17,3
221,"Moro Almaraz, María Jesús",14/03/1961,1961,3,14,1
222,"Movellán Lombilla, Diego",01/07/1979,1979,1,7,1
223,"Muñoz Dalda, Lucía",25/09/1993,1993,9,25,3
224,"Muñoz Vidal, María",27/04/1978,1978,4,27,2
225,"Narváez Bandera, María Dolores",04/06/1976,1976,4,6,2
226,"Nasarre Oliva, Begoña",19/07/1978,1978,7,19,3
227,"Navalpotro Gómez, Julio",25/10/1971,1971,10,25,4
228,"Navarro Lacoba, Carmen",13/06/1978,1978,6,13,2
229,"Navarro López, Pedro",16/06/1977,1977,6,16,2
230,"Nevado del Campo, María Magdalena",28/05/1973,1973,5,28,2
231,"Nogueras i Camero, Míriam",11/05/1980,1980,11,5,4
232,"Olano Vela, Jaime Eduardo de",06/07/1970,1970,6,7,2
233,"Olona Choclán, Macarena",14/05/1979,1979,5,14,2
234,"Oramas González-Moro, Ana María",17/07/1959,1959,7,17,3
235,"Oria López, María Inmaculada",05/03/1973,1973,5,3,2
236,"Ortega Domínguez, José Ramón",25/05/1979,1979,5,25,2
237,"Ortega Smith-Molina, Francisco Javier",28/08/1968,1968,8,28,3
238,"Ortiz Galván, José",16/11/1983,1983,11,16,4
239,"Padilla Ruiz, Esther",02/06/1975,1975,2,6,1
240,"Pagès i Massó, Josep",28/06/1972,1972,6,28,2
241,"Paniagua Núñez, Miguel Ángel",02/09/1964,1964,2,9,1
242,"Pastor Julián, Ana María",11/11/1957,1957,11,11,4
243,"Pedraja Sáinz, Raquel",20/06/1993,1993,6,20,2
244,"Pedreño Molina, Juan Luis",24/01/1969,1969,1,24,1
245,"Peña Camarero, Esther",12/07/1980,1980,12,7,4
246,"Perea i Conillas, María Mercè",22/11/1966,1966,11,22,4
247,"Pérez Abellás, Adolfo",25/09/1952,1952,9,25,3
248,"Pérez Díaz, María Auxiliadora",25/05/1968,1968,5,25,2
249,"Pérez Merino, María Mercedes",18/11/1960,1960,11,18,4
250,"Píriz Maya, Víctor Valentín",22/07/1975,1975,7,22,3
251,"Pisarello Prados, Gerardo",10/08/1970,1970,10,8,4
252,"Pita Cárdenes, María del Carmen",02/08/1958,1958,2,8,1
253,"Pons Sampietro, Pere Joan",24/07/1970,1970,7,24,3
254,"Postigo Quintana, Jesús",24/06/1953,1953,6,24,2
255,"Pozueta Fernández, Isabel",21/09/1965,1965,9,21,3
256,"Prieto Nieto, Ana",03/04/1965,1965,3,4,1
257,"Prohens Rigo, Margarita",24/05/1982,1982,5,24,2
258,"Pujol i Farré, Norma",09/02/1988,1988,9,2,3
259,"Quevedo Iturbe, Pedro",11/03/1956,1956,11,3,4
260,"Ramírez Carner, Arnau",15/02/1989,1989,2,15,1
261,"Ramírez del Río, José",10/02/1973,1973,10,2,4
262,"Ramón Utrabo, Elvira",20/11/1966,1966,11,20,4
263,"Ramos Esteban, César Joaquín",01/03/1975,1975,1,3,1
264,"Ramos Rodríguez, José Luis",07/07/1970,1970,7,7,3
265,"Raya Rodríguez, María Tamara",27/08/1972,1972,8,27,3
266,"Redondo Calvillo, María de la O",04/04/1972,1972,4,4,2
267,"Rego Candamil, Néstor",02/04/1962,1962,2,4,1
268,"Renau Martínez, Germán",24/03/1978,1978,3,24,1
269,"Requejo Novoa, Pedro Jesús",24/06/1964,1964,6,24,2
270,"Requena Ruiz, Juan Diego",24/11/1980,1980,11,24,4
271,"Robles López, Joaquín",08/06/1964,1964,8,6,3
272,"Rodríguez Almeida, Andrés Alberto",22/02/1978,1978,2,22,1
273,"Rodríguez Gómez, María del Pilar",26/03/1975,1975,3,26,1
274,"Rodríguez Gómez de Celis, Alfonso",29/07/1970,1970,7,29,3
275,"Rodríguez Herrer, María Elvira",15/05/1949,1949,5,15,2
276,"Rodríguez Salas, José Antonio",20/10/1965,1965,10,20,4
277,"Rojas García, Carlos",23/09/1970,1970,9,23,3
278,"Romero Hernández, Carmelo",17/10/1958,1958,10,17,4
279,"Romero Sánchez, Rosa María",14/02/1970,1970,2,14,1
280,"Romero Vilches, María de los Reyes",30/12/1967,1967,12,30,4
281,"Ros Martínez, Susana",31/10/1969,1969,10,31,4
282,"Rosety Fernández de Castro, Agustín",26/03/1947,1947,3,26,1
283,"Rosique i Saltor, Marta",16/03/1996,1996,3,16,1
284,"Rueda Perelló, Patricia",20/10/1976,1976,10,20,4
285,"Rufián Romero, Gabriel",08/02/1982,1982,8,2,3
286,"Ruiz de Pinedo Undiano, Iñaki",23/07/1954,1954,7,23,3
287,"Ruiz i Carbonell, Joan",10/08/1954,1954,10,8,4
288,"Ruiz Navarro, Eduardo Luis",05/12/1972,1972,5,12,2
289,"Ruiz Solás, María de la Cabeza",13/09/1970,1970,9,13,3
290,"Saavedra Muñoz, Marisa",14/02/1962,1962,2,14,1
291,"Sabanés Nadal, Inés",24/06/1953,1953,6,24,2
292,"Sáez Alonso-Muñumer, Pablo",11/06/1964,1964,11,6,4
293,"Sagastizabal Unzetabarrenetxea, Idoia",22/09/1972,1972,9,22,3
294,"Sahuquillo García, Luis Carlos",11/01/1966,1966,11,1,4
295,"Salvá Verd, Antonio",24/04/1952,1952,4,24,2
296,"Salvador i Duch, Jordi",23/07/1964,1964,7,23,3
297,"Sánchez del Real, Víctor Manuel",23/11/1969,1969,11,23,4
298,"Sánchez Escobar, Mariano",12/10/1964,1964,12,10,4
299,"Sánchez García, José María",20/07/1976,1976,7,20,3
300,"Sánchez Jódar, Marisol",03/01/1971,1971,3,1,1
301,"Sánchez Pérez, César",21/06/1962,1962,6,21,2
302,"Sánchez Pérez-Castejón, Pedro",05/11/1976,1976,5,11,2
303,"Sánchez Serna, Javier",13/02/1976,1976,2,13,1
304,"Sancho Guardia, Alfredo",13/09/1957,1957,9,13,3
305,"Sancho Íñiguez, Herminio Rufino",20/10/1992,1992,10,20,4
306,"Santamaría Ruiz, Luis",22/12/1974,1974,12,22,4
307,"Santiago Romero, Enrique Fernando",01/11/1983,1983,1,11,1
308,"Sarrià Morell, Vicent Manuel",11/02/1970,1970,11,2,4
309,"Sayas López, Sergio",27/02/1969,1969,2,27,1
310,"Segura Just, Juan Carlos",16/08/1965,1965,8,16,3
311,"Senderos Oraá, Daniel",04/02/1973,1973,4,2,2
312,"Serrada Pariente, David",26/09/1988,1988,9,26,3
313,"Serrano Martínez, Juan Francisco",27/11/1985,1985,11,27,4
314,"Seva Ruiz, Yolanda",22/04/1962,1962,4,22,2
315,"Sicilia Alférez, Felipe Jesús",08/09/1987,1987,8,9,3
316,"Simancas Simancas, Rafael",23/12/1974,1974,12,23,4
317,"Soler Mur, Alejandro",17/04/1976,1976,4,17,2
318,"Soto Burillo, Juan Luis",29/04/1967,1967,4,29,2
319,"Steegmann Olmedillas, Juan Luis",08/07/1955,1955,8,7,3
320,"Suárez Illana, Adolfo",05/05/1964,1964,5,5,2
321,"Suárez Lamata, Eloy",08/02/1962,1962,8,2,3
322,"Sumelzo Jordán, Susana",22/12/1969,1969,12,22,4
323,"Taibo Monelos, Diego",23/02/1975,1975,2,23,1
324,"Tarno Blanco, Ricardo",20/05/1966,1966,5,20,2
325,"Telechea i Lozano, Carolina",09/08/1981,1981,9,8,3
326,"Tirado Ochoa, Vicente",13/01/1963,1963,1,13,1
327,"Tizón Vázquez, Uxía",22/06/1989,1989,6,22,2
328,"Toscano de Balbín, Carla",14/11/1977,1977,11,14,4
329,"Trías Gil, Georgina",14/07/1973,1973,7,14,3
330,"Uriarte Bengoechea, Edurne",27/10/1960,1960,10,27,4
331,"Uriarte Torrealday, Roberto",20/10/1960,1960,10,20,4
332,"Utrilla Cano, Julio",05/03/1967,1967,5,3,2
333,"Valerio Cordero, Magdalena",27/09/1959,1959,9,27,3
334,"Vallugera Balañà, Pilar",13/10/1967,1967,10,13,4
335,"Vázquez Blanco, Ana Belén",27/01/1975,1975,1,27,1
336,"Vega Arias, Rubén Darío",10/05/1960,1960,10,5,4
337,"Vehí Cantenys, Mireia",09/02/1985,1985,9,2,3
338,"Velarde Gómez, Martina",14/04/1979,1979,4,14,2
339,"Velasco Morillo, Elvira",05/03/1968,1968,5,3,2
340,"Vicente Viondi, Daniel",16/12/1975,1975,12,16,4
341,"Vidal Sáez, Aina",22/03/1985,1985,3,22,1
342,"Vilches Ruiz, María Luisa",16/01/1982,1982,1,16,1
343,"Villagrasa Quero, Noemí",14/09/1980,1980,9,14,3
344,"Zamarrón Moreno, Agustín",02/02/1946,1946,2,2,1
345,"Zambrano García-Raez, Carlos José",23/02/1969,1969,2,23,1
346,"Zaragoza Alonso, José",12/09/1961,1961,12,9,4
347,"Zurita Expósito, Ana María",03/11/1963,1963,3,11,1
