,surname,dob,year,month,day,Deporte,trimestre
1,Heidfeld,1977-05-10,1977,5,10,Formula-1,2
2,Rosberg,1985-06-27,1985,6,27,Formula-1,2
3,Alonso,1981-07-29,1981,7,29,Formula-1,3
4,Kovalainen,1981-10-19,1981,10,19,Formula-1,4
5,Nakajima,1985-01-11,1985,1,11,Formula-1,1
6,Bourdais,1979-02-28,1979,2,28,Formula-1,1
7,RÃ¤ikkÃ¶nen,1979-10-17,1979,10,17,Formula-1,4
8,Kubica,1984-12-07,1984,12,7,Formula-1,4
9,Glock,1982-03-18,1982,3,18,Formula-1,1
10,Sato,1977-01-28,1977,1,28,Formula-1,1
11,Piquet Jr.,1985-07-25,1985,7,25,Formula-1,3
12,Massa,1981-04-25,1981,4,25,Formula-1,2
14,Trulli,1974-07-13,1974,7,13,Formula-1,3
15,Sutil,1983-01-11,1983,1,11,Formula-1,1
16,Webber,1976-08-27,1976,8,27,Formula-1,3
19,Vettel,1987-07-03,1987,7,3,Formula-1,3
20,Fisichella,1973-01-14,1973,1,14,Formula-1,1
21,Barrichello,1972-05-23,1972,5,23,Formula-1,2
22,Schumacher,1975-06-30,1975,6,30,Formula-1,2
23,Liuzzi,1980-08-06,1980,8,6,Formula-1,3
24,Wurz,1974-02-15,1974,2,15,Formula-1,1
26,Albers,1979-04-16,1979,4,16,Formula-1,2
27,Winkelhock,1980-06-13,1980,6,13,Formula-1,2
28,Yamamoto,1982-07-09,1982,7,9,Formula-1,3
29,Schumacher,1969-01-03,1969,1,3,Formula-1,1
30,Pablo Montoya,1975-09-20,1975,9,20,Formula-1,3
31,Klien,1983-02-07,1983,2,7,Formula-1,1
32,Monteiro,1976-07-24,1976,7,24,Formula-1,3
33,Ide,1975-01-21,1975,1,21,Formula-1,1
34,Villeneuve,1971-04-09,1971,4,9,Formula-1,2
35,Montagny,1978-01-05,1978,1,5,Formula-1,1
36,de la Rosa,1971-02-24,1971,2,24,Formula-1,1
37,Doornbos,1981-09-23,1981,9,23,Formula-1,3
38,Karthikeyan,1977-01-14,1977,1,14,Formula-1,1
39,Friesacher,1980-09-26,1980,9,26,Formula-1,3
40,Zonta,1976-03-23,1976,3,23,Formula-1,1
41,Pizzonia,1980-09-11,1980,9,11,Formula-1,3
42,da Matta,1973-09-19,1973,9,19,Formula-1,3
43,Panis,1966-09-02,1966,9,2,Formula-1,3
44,Pantano,1979-02-04,1979,2,4,Formula-1,1
45,Bruni,1981-05-30,1981,5,30,Formula-1,2
46,Baumgartner,1981-01-01,1981,1,1,Formula-1,1
47,GenÃ©,1974-03-29,1974,3,29,Formula-1,1
48,Frentzen,1967-05-18,1967,5,18,Formula-1,2
49,Verstappen,1972-03-04,1972,3,4,Formula-1,1
51,Firman,1975-05-20,1975,5,20,Formula-1,2
52,Kiesa,1978-03-03,1978,3,3,Formula-1,1
53,Burti,1975-03-05,1975,3,5,Formula-1,1
54,Alesi,1964-06-11,1964,6,11,Formula-1,2
56,HÃ¤kkinen,1968-09-28,1968,9,28,Formula-1,3
57,Marques,1976-01-19,1976,1,19,Formula-1,1
58,Bernoldi,1978-10-19,1978,10,19,Formula-1,4
59,Mazzacane,1975-05-08,1975,5,8,Formula-1,2
60,Enge,1976-09-11,1976,9,11,Formula-1,3
61,Yoong,1976-07-20,1976,7,20,Formula-1,3
62,Salo,1966-11-30,1966,11,30,Formula-1,4
63,Diniz,1970-05-22,1970,5,22,Formula-1,2
66,Buemi,1988-10-31,1988,10,31,Formula-1,4
67,Takagi,1974-02-12,1974,2,12,Formula-1,1
68,Badoer,1971-01-25,1971,1,25,Formula-1,1
69,Zanardi,1966-10-23,1966,10,23,Formula-1,4
71,Sarrazin,1975-11-02,1975,11,2,Formula-1,4
72,Rosset,1968-07-27,1968,7,27,Formula-1,3
73,Tuero,1978-04-22,1978,4,22,Formula-1,2
74,Nakano,1971-04-01,1971,4,1,Formula-1,2
75,Magnussen,1973-07-04,1973,7,4,Formula-1,3
76,Berger,1959-08-27,1959,8,27,Formula-1,3
77,Larini,1964-03-19,1964,3,19,Formula-1,1
78,Katayama,1963-05-29,1963,5,29,Formula-1,2
79,Sospiri,1966-10-07,1966,10,7,Formula-1,4
80,Morbidelli,1968-01-13,1968,1,13,Formula-1,1
81,Fontana,1975-01-20,1975,1,20,Formula-1,1
82,Lamy,1972-03-20,1972,3,20,Formula-1,1
84,Montermini,1964-05-30,1964,5,30,Formula-1,2
85,Lavaggi,1958-02-18,1958,2,18,Formula-1,1
87,Suzuki,1960-09-08,1960,9,8,Formula-1,3
88,Inoue,1963-09-05,1963,9,5,Formula-1,3
89,Moreno,1959-02-11,1959,2,11,Formula-1,1
90,Wendlinger,1968-12-20,1968,12,20,Formula-1,4
91,Gachot,1962-12-23,1962,12,23,Formula-1,4
92,Schiattarella,1967-11-17,1967,11,17,Formula-1,4
93,Martini,1961-04-23,1961,4,23,Formula-1,2
95,Boullion,1969-12-27,1969,12,27,Formula-1,4
96,Papis,1969-10-03,1969,10,3,Formula-1,4
97,DÃ©lÃ©traz,1963-10-01,1963,10,1,Formula-1,4
98,Tarquini,1962-03-02,1962,3,2,Formula-1,1
99,Comas,1963-09-28,1963,9,28,Formula-1,3
100,Brabham,1965-09-05,1965,9,5,Formula-1,3
101,Senna,1960-03-21,1960,3,21,Formula-1,1
102,Bernard,1964-08-24,1964,8,24,Formula-1,3
103,Fittipaldi,1971-01-18,1971,1,18,Formula-1,1
104,Alboreto,1956-12-23,1956,12,23,Formula-1,4
105,Beretta,1969-11-23,1969,11,23,Formula-1,4
106,Ratzenberger,1960-07-04,1960,7,4,Formula-1,3
107,Belmondo,1963-04-23,1963,4,23,Formula-1,2
108,JÃ¤rvilehto,1966-01-31,1966,1,31,Formula-1,1
109,de Cesaris,1959-05-31,1959,5,31,Formula-1,2
110,Gounon,1963-01-01,1963,1,1,Formula-1,1
111,Alliot,1954-07-27,1954,7,27,Formula-1,3
112,Adams,1969-11-19,1969,11,19,Formula-1,4
113,Dalmas,1961-07-28,1961,7,28,Formula-1,3
114,Noda,1969-03-07,1969,3,7,Formula-1,1
115,Lagorce,1968-09-01,1968,9,1,Formula-1,3
116,Prost,1955-02-24,1955,2,24,Formula-1,1
118,Patrese,1954-04-17,1954,4,17,Formula-1,2
119,Barbazza,1963-04-02,1963,4,2,Formula-1,2
121,Capelli,1963-05-24,1963,5,24,Formula-1,2
122,Boutsen,1957-07-13,1957,7,13,Formula-1,3
123,Apicella,1965-10-07,1965,10,7,Formula-1,4
124,Naspetti,1968-02-24,1968,2,24,Formula-1,1
125,Suzuki,1955-03-10,1955,3,10,Formula-1,1
126,Gugelmin,1963-04-20,1963,4,20,Formula-1,2
127,van de Poele,1961-09-30,1961,9,30,Formula-1,3
128,Grouillard,1958-09-02,1958,9,2,Formula-1,3
129,Chiesa,1964-05-06,1964,5,6,Formula-1,2
130,Modena,1963-05-12,1963,5,12,Formula-1,2
131,Amati,1959-07-20,1959,7,20,Formula-1,3
132,Caffi,1964-03-18,1964,3,18,Formula-1,1
133,Bertaggia,1964-09-19,1964,9,19,Formula-1,3
135,Lammers,1956-06-02,1956,6,2,Formula-1,2
136,Piquet,1952-08-17,1952,8,17,Formula-1,3
137,Nakajima,1953-02-23,1953,2,23,Formula-1,1
138,Pirro,1962-01-12,1962,1,12,Formula-1,1
139,Johansson,1956-09-08,1956,9,8,Formula-1,3
141,Chaves,1965-02-27,1965,2,27,Formula-1,1
142,Bartels,1968-03-08,1968,3,8,Formula-1,1
143,Hattori,1966-06-13,1966,6,13,Formula-1,2
144,Nannini,1959-07-07,1959,7,7,Formula-1,3
145,Schneider,1964-07-20,1964,7,20,Formula-1,3
146,Barilla,1961-04-20,1961,4,20,Formula-1,2
147,Foitek,1965-03-27,1965,3,27,Formula-1,1
148,Langes,1960-07-20,1960,7,20,Formula-1,3
149,Brabham,1961-03-29,1961,3,29,Formula-1,1
151,Giacomelli,1952-09-10,1952,9,10,Formula-1,3
152,Alguersuari,1990-03-23,1990,3,23,Formula-1,1
153,Grosjean,1986-04-17,1986,4,17,Formula-1,2
154,Kobayashi,1986-09-13,1986,9,13,Formula-1,3
156,Danner,1958-04-04,1958,4,4,Formula-1,2
158,PÃ©rez-Sala,1959-05-15,1959,5,15,Formula-1,2
159,Ghinzani,1952-01-16,1952,1,16,Formula-1,1
160,Weidler,1962-03-18,1962,3,18,Formula-1,1
161,Raphanel,1961-05-27,1961,5,27,Formula-1,2
163,Winkelhock,1960-10-24,1960,10,24,Formula-1,4
164,Larrauri,1954-08-19,1954,8,19,Formula-1,3
165,Streiff,1955-06-26,1955,6,26,Formula-1,2
166,Campos,1960-06-17,1960,6,17,Formula-1,2
168,Fabre,1960-01-09,1960,1,9,Formula-1,1
169,Fabi,1955-03-09,1955,3,9,Formula-1,1
170,Forini,1958-09-22,1958,9,22,Formula-1,3
172,de Angelis,1958-03-26,1958,3,26,Formula-1,1
175,Surer,1951-09-18,1951,9,18,Formula-1,3
178,Rothengatter,1954-10-08,1954,10,8,Formula-1,4
179,Berg,1961-08-01,1961,8,1,Formula-1,3
180,Winkelhock,1951-10-06,1951,10,6,Formula-1,4
182,Hesnault,1956-12-30,1956,12,30,Formula-1,4
183,Baldi,1954-01-31,1954,1,31,Formula-1,1
184,Bellof,1957-11-20,1957,11,20,Formula-1,4
187,Cecotto,1956-01-25,1956,1,25,Formula-1,1
188,Gartner,1954-01-24,1954,1,24,Formula-1,1
189,Fabi,1961-04-12,1961,4,12,Formula-1,2
190,Thackwell,1961-03-30,1961,3,30,Formula-1,1
191,Serra,1957-02-03,1957,2,3,Formula-1,1
193,Salazar,1954-11-14,1954,11,14,Formula-1,4
194,Guerrero,1958-11-16,1958,11,16,Formula-1,4
195,Boesel,1957-12-04,1957,12,4,Formula-1,4
197,Villeneuve Sr.,1953-11-04,1953,11,4,Formula-1,4
201,Pironi,1952-03-26,1952,3,26,Formula-1,1
203,Paletti,1958-06-15,1958,6,15,Formula-1,2
205,Daly,1953-03-11,1953,3,11,Formula-1,1
209,Byrne,1958-05-06,1958,5,6,Formula-1,2
211,Rebaque,1956-02-05,1956,2,5,Formula-1,1
212,Gabbiani,1957-01-02,1957,1,2,Formula-1,1
214,Guerra,1953-08-31,1953,8,31,Formula-1,3
215,Stohr,1952-10-10,1952,10,10,Formula-1,4
224,Kennedy,1953-01-15,1953,1,15,Formula-1,1
227,Wilson,1953-11-26,1953,11,26,Formula-1,4
232,Stuck,1951-01-01,1951,1,1,Formula-1,1
235,Gaillard,1952-02-12,1952,2,12,Formula-1,1
240,Leoni,1953-05-24,1953,5,24,Formula-1,2
252,Hoffmann,1953-02-28,1953,2,28,Formula-1,1
260,de Dryver,1952-09-19,1952,9,19,Formula-1,3
273,Takahara,1951-06-06,1951,6,6,Formula-1,2
452,Gasly,1996-02-07,1996,2,7,Formula-1,1
807,HÃ¼lkenberg,1987-08-19,1987,8,19,Formula-1,3
808,Petrov,1984-09-08,1984,9,8,Formula-1,3
809,di Grassi,1984-08-11,1984,8,11,Formula-1,3
810,Senna,1983-10-15,1983,10,15,Formula-1,4
811,Chandhok,1984-01-19,1984,1,19,Formula-1,1
812,Maldonado,1985-03-09,1985,3,9,Formula-1,1
814,PÃ©rez,1990-01-26,1990,1,26,Formula-1,1
815,d'Ambrosio,1985-12-27,1985,12,27,Formula-1,4
816,Ricciardo,1989-07-01,1989,7,1,Formula-1,3
817,Vergne,1990-04-25,1990,4,25,Formula-1,2
818,Pic,1990-02-15,1990,2,15,Formula-1,1
820,GutiÃ©rrez,1991-08-05,1991,8,5,Formula-1,3
821,Bottas,1989-08-28,1989,8,28,Formula-1,3
822,van der Garde,1985-04-25,1985,4,25,Formula-1,2
823,Bianchi,1989-08-03,1989,8,3,Formula-1,3
824,Magnussen,1992-10-05,1992,10,5,Formula-1,4
825,Kvyat,1994-04-26,1994,4,26,Formula-1,2
826,Lotterer,1981-11-19,1981,11,19,Formula-1,4
827,Ericsson,1990-09-02,1990,9,2,Formula-1,3
829,Verstappen,1997-09-30,1997,9,30,Formula-1,3
830,Nasr,1992-08-21,1992,8,21,Formula-1,3
831,Sainz,1994-09-01,1994,9,1,Formula-1,3
832,Merhi,1991-03-22,1991,3,22,Formula-1,1
835,Wehrlein,1994-10-18,1994,10,18,Formula-1,4
836,Haryanto,1993-01-22,1993,1,22,Formula-1,1
837,Vandoorne,1992-03-26,1992,3,26,Formula-1,1
838,Ocon,1996-09-17,1996,9,17,Formula-1,3
839,Stroll,1998-10-29,1998,10,29,Formula-1,4
840,Giovinazzi,1993-12-14,1993,12,14,Formula-1,4
841,Hartley,1989-11-10,1989,11,10,Formula-1,4
842,Leclerc,1997-10-16,1997,10,16,Formula-1,4
843,Sirotkin,1995-08-27,1995,8,27,Formula-1,3
846,Albon,1996-03-23,1996,3,23,Formula-1,1
847,Latifi,1995-06-29,1995,6,29,Formula-1,2
848,Fittipaldi,1996-06-25,1996,6,25,Formula-1,2
850,Tsunoda,2000-05-11,2000,5,11,Formula-1,2
851,Mazepin,1999-03-02,1999,3,2,Formula-1,1
852,Schumacher,1999-03-22,1999,3,22,Formula-1,1
