,short_name,player_positions,overall,nationality_name,age,dob,league_name,height_cm,weight_kg,year,month,day,trimestre
22,Sergio Ramos,CB,88,Spain,35,1986-03-30,French Ligue 1,184,82,1986,3,30,1
50,Jordi Alba,"LB, LM",86,Spain,32,1989-03-21,Spain Primera Division,170,68,1989,3,21,1
51,Thiago,"CM, CDM",86,Spain,30,1991-04-11,English Premier League,174,70,1991,4,11,2
52,Sergio Busquets,"CDM, CM",86,Spain,32,1988-07-16,Spain Primera Division,189,76,1988,7,16,3
53,Parejo,CM,86,Spain,32,1989-04-16,Spain Primera Division,182,74,1989,4,16,2
59,Gerard Moreno,"ST, RM, RW",86,Spain,29,1992-04-07,Spain Primera Division,180,77,1992,4,7,2
63,A. Laporte,CB,86,Spain,27,1994-05-27,English Premier League,191,85,1994,5,27,2
66,Marcos Llorente,"CM, RM, ST",86,Spain,26,1995-01-30,Spain Primera Division,184,74,1995,1,30,1
67,Rodri,CDM,86,Spain,25,1996-06-22,English Premier League,191,82,1996,6,22,2
72,David Silva,"CAM, CM",85,Spain,35,1986-01-08,Spain Primera Division,173,67,1986,1,8,1
82,Koke,"CM, CDM",85,Spain,29,1992-01-08,Spain Primera Division,176,75,1992,1,8,1
87,Carvajal,RB,85,Spain,29,1992-01-11,Spain Primera Division,173,73,1992,1,11,1
92,Oyarzabal,"LW, RW",85,Spain,24,1997-04-21,Spain Primera Division,181,79,1997,4,21,2
98,JesÃºs Navas,"RB, RM",84,Spain,35,1985-11-21,Spain Primera Division,172,60,1985,11,21,4
99,PiquÃ©,CB,84,Spain,34,1987-02-02,Spain Primera Division,194,85,1987,2,2,1
105,Iago Aspas,"ST, RW",84,Spain,33,1987-08-01,Spain Primera Division,176,67,1987,8,1,3
106,De Gea,GK,84,Spain,30,1990-11-07,English Premier League,192,82,1990,11,7,4
108,Luis Alberto,"CAM, CM, CF",84,Spain,28,1992-09-28,Italian Serie A,183,74,1992,9,28,3
143,Sergio Asenjo,GK,83,Spain,32,1989-06-28,Spain Primera Division,189,87,1989,6,28,2
148,Azpilicueta,"CB, RWB",83,Spain,31,1989-08-28,English Premier League,178,77,1989,8,28,3
150,Muniain,"CAM, RM, LM",83,Spain,28,1992-12-19,Spain Primera Division,170,66,1992,12,19,4
151,Canales,"CM, CDM, LM",83,Spain,30,1991-02-16,Spain Primera Division,176,65,1991,2,16,1
163,Morata,ST,83,Spain,28,1992-10-23,Italian Serie A,190,84,1992,10,23,4
174,GayÃ ,"LB, LWB, LM",83,Spain,26,1995-05-25,Spain Primera Division,172,66,1995,5,25,2
180,AngeliÃ±o,"LWB, LM",83,Spain,24,1997-01-04,German 1. Bundesliga,175,69,1997,1,4,1
182,Marco Asensio,"RW, LW",83,Spain,25,1996-01-21,Spain Primera Division,182,76,1996,1,21,1
185,Merino,CM,83,Spain,25,1996-06-22,Spain Primera Division,189,83,1996,6,22,2
200,RaÃºl Albiol,CB,82,Spain,35,1985-09-04,Spain Primera Division,190,82,1985,9,4,3
208,Yuri Berchiche,LB,82,Spain,31,1990-02-10,Spain Primera Division,181,80,1990,2,10,1
223,Isco,"CAM, CM, LW",82,Spain,29,1992-04-21,Spain Primera Division,176,79,1992,4,21,2
227,CampaÃ±a,"CM, LM, RM",82,Spain,28,1993-05-31,Spain Primera Division,179,70,1993,5,31,2
230,Suso,RW,82,Spain,27,1993-11-19,Spain Primera Division,176,70,1993,11,19,4
232,Juan Bernat,LB,82,Spain,28,1993-03-01,French Ligue 1,170,67,1993,3,1,1
233,Portu,"RW, RM, LW",82,Spain,29,1992-05-21,Spain Primera Division,167,66,1992,5,21,2
236,SaÃºl,"CM, LM",82,Spain,26,1994-11-21,English Premier League,184,75,1994,11,21,4
239,Grimaldo,"LB, LM, LWB",82,Spain,25,1995-09-20,Portuguese Liga ZON SAGRES,171,69,1995,9,20,3
258,FabiÃ¡n,CM,82,Spain,25,1996-04-03,Italian Serie A,189,70,1996,4,3,2
262,Mario Hermoso,"CB, LB",82,Spain,26,1995-06-18,Spain Primera Division,185,76,1995,6,18,2
267,Unai SimÃ³n,GK,82,Spain,24,1997-06-11,Spain Primera Division,190,89,1997,6,11,2
280,Ferran Torres,"RW, ST",82,Spain,21,2000-02-29,English Premier League,184,77,2000,2,29,1
281,Pau Torres,CB,82,Spain,24,1997-01-16,Spain Primera Division,191,80,1997,1,16,1
283,Dani Olmo,"CAM, CF",82,Spain,23,1998-05-07,German 1. Bundesliga,179,72,1998,5,7,2
284,JoaquÃ­n,"RM, LM",81,Spain,39,1981-07-21,Spain Primera Division,179,75,1981,7,21,3
295,AdÃ¡n,GK,81,Spain,34,1987-05-13,Portuguese Liga ZON SAGRES,190,86,1987,5,13,2
304,Aitor,GK,81,Spain,30,1991-05-03,Spain Primera Division,182,78,1991,5,3,2
309,Jonathan Viera,CAM,81,Spain,31,1989-10-01,Spanish Segunda DivisiÃ³n,171,67,1989,10,1,4
312,Sergi Roberto,"RB, CM, RM",81,Spain,29,1992-02-07,Spain Primera Division,178,68,1992,2,7,1
315,Paco AlcÃ¡cer,ST,81,Spain,27,1993-08-30,Spain Primera Division,175,70,1993,8,30,3
316,Nacho FernÃ¡ndez,"CB, RB, LB",81,Spain,31,1990-01-18,Spain Primera Division,180,76,1990,1,18,1
324,IÃ±igo MartÃ­nez,CB,81,Spain,30,1991-05-17,Spain Primera Division,182,77,1991,5,17,2
335,Lucas VÃ¡zquez,"RW, RB, RM",81,Spain,30,1991-07-01,Spain Primera Division,173,70,1991,7,1,3
347,IÃ±aki Williams,"ST, RW",81,Spain,27,1994-06-15,Spain Primera Division,186,80,1994,6,15,2
349,Morales,"ST, LM",81,Spain,33,1987-07-23,Spain Primera Division,180,70,1987,7,23,3
356,David Soria,GK,81,Spain,28,1993-04-04,Spain Primera Division,192,85,1993,4,4,2
363,Ãlex Remiro,GK,81,Spain,26,1995-03-24,Spain Primera Division,191,83,1995,3,24,1
364,Yeray,CB,81,Spain,26,1995-01-24,Spain Primera Division,182,79,1995,1,24,1
375,Carlos Soler,"CM, RM, LM",81,Spain,24,1997-01-02,Spain Primera Division,180,76,1997,1,2,1
380,Cucurella,"LM, LB",81,Spain,22,1998-07-22,English Premier League,172,66,1998,7,22,3
383,ReguilÃ³n,LB,81,Spain,24,1996-12-16,English Premier League,178,68,1996,12,16,4
387,Pedri,CM,81,Spain,18,2002-11-25,Spain Primera Division,174,61,2002,11,25,4
393,RaÃºl GarcÃ­a,"ST, CAM",80,Spain,34,1986-07-11,Spain Primera Division,184,83,1986,7,11,3
400,Nacho Monreal,LB,80,Spain,35,1986-02-26,Spain Primera Division,180,77,1986,2,26,1
406,JosÃ© CallejÃ³n,"RM, RW",80,Spain,34,1987-02-11,Italian Serie A,178,73,1987,2,11,1
411,Guaita,GK,80,Spain,34,1987-01-10,English Premier League,190,80,1987,1,10,1
419,Bartra,"CB, CDM",80,Spain,30,1991-01-15,Spain Primera Division,184,73,1991,1,15,1
420,Pablo Sarabia,"RW, CAM",80,Spain,29,1992-05-11,Portuguese Liga ZON SAGRES,174,70,1992,5,11,2
432,Pozuelo,"CAM, ST",80,Spain,29,1991-09-20,USA Major League Soccer,170,63,1991,9,20,3
442,Roger,ST,80,Spain,30,1991-01-03,Spain Primera Division,179,74,1991,1,3,1
446,Pacheco,GK,80,Spain,29,1992-05-18,Spain Primera Division,186,81,1992,5,18,2
447,Jonny,"LWB, RWB",80,Spain,27,1994-03-03,English Premier League,170,70,1994,3,3,1
456,Capa,RB,80,Spain,29,1992-02-08,Spain Primera Division,175,75,1992,2,8,1
459,Embarba,"RM, LM, ST",80,Spain,29,1992-05-07,Spain Primera Division,173,68,1992,5,7,2
462,Pau LÃ³pez,GK,80,Spain,26,1994-12-13,French Ligue 1,189,77,1994,12,13,4
469,Borja Iglesias,ST,80,Spain,28,1993-01-17,Spain Primera Division,187,86,1993,1,17,1
470,Joan JordÃ¡n,"CM, CDM",80,Spain,26,1994-07-06,Spain Primera Division,183,74,1994,7,6,3
472,Ãlex Berenguer,"RM, LM",80,Spain,25,1995-07-04,Spain Primera Division,175,73,1995,7,4,3
502,Unai NÃºÃ±ez,CB,80,Spain,24,1997-01-30,Spain Primera Division,186,81,1997,1,30,1
505,Pedro Porro,"RWB, RM",80,Spain,21,1999-09-13,Portuguese Liga ZON SAGRES,176,71,1999,9,13,3
509,Iniesta,"CM, CAM",79,Spain,37,1984-05-11,Japanese J. League Division 1,171,68,1984,5,11,2
522,Montoro,"CDM, CM, CAM",79,Spain,33,1988-06-25,Spain Primera Division,181,72,1988,6,25,2
526,Iborra,"CDM, CM",79,Spain,33,1988-01-16,Spain Primera Division,190,80,1988,1,16,1
530,Illarramendi,"CDM, CM",79,Spain,31,1990-03-08,Spain Primera Division,179,74,1990,3,8,1
535,Ander Herrera,"CM, CDM",79,Spain,31,1989-08-14,French Ligue 1,182,71,1989,8,14,3
539,Marcos Alonso,"LWB, LB",79,Spain,30,1990-12-28,English Premier League,188,85,1990,12,28,4
540,Mario Gaspar,RB,79,Spain,30,1990-11-24,Spain Primera Division,180,77,1990,11,24,4
547,GermÃ¡n,CB,79,Spain,34,1986-10-31,Spain Primera Division,187,82,1986,10,31,4
548,Rodrigo,"CAM, ST, CM",79,Spain,30,1991-03-06,English Premier League,182,77,1991,3,6,1
551,Lucas PÃ©rez,ST,79,Spain,32,1988-09-10,Spain Primera Division,180,73,1988,9,10,3
553,Cristian Tello,"LM, RM",79,Spain,29,1991-08-19,Spain Primera Division,178,65,1991,8,19,3
558,Deulofeu,"LM, CF",79,Spain,27,1994-03-13,Italian Serie A,177,73,1994,3,13,1
559,Sergi Darder,"CM, CDM",79,Spain,27,1993-12-22,Spain Primera Division,180,71,1993,12,22,4
562,Ãlvaro,CB,79,Spain,31,1990-01-08,French Ligue 1,182,75,1990,1,8,1
566,Edgar Badia,GK,79,Spain,29,1992-02-12,Spain Primera Division,180,70,1992,2,12,1
573,Manu Trigueros,"CM, RM, LM",79,Spain,29,1991-10-17,Spain Primera Division,178,75,1991,10,17,4
574,Kepa,GK,79,Spain,26,1994-10-03,English Premier League,186,88,1994,10,3,4
580,De TomÃ¡s,ST,79,Spain,26,1994-10-17,Spain Primera Division,180,79,1994,10,17,4
585,RubÃ©n GarcÃ­a,"LM, ST, RM",79,Spain,27,1993-07-14,Spain Primera Division,171,71,1993,7,14,3
586,RubÃ©n PeÃ±a,"RB, RM, LB",79,Spain,29,1991-07-18,Spain Primera Division,170,65,1991,7,18,3
609,Mata,ST,79,Spain,32,1988-10-24,Spain Primera Division,185,79,1988,10,24,4
618,Aritz Elustondo,"CB, RB",79,Spain,27,1994-03-28,Spain Primera Division,180,71,1994,3,28,1
620,Pablo Fornals,"LM, RM, CAM",79,Spain,25,1996-02-22,English Premier League,178,67,1996,2,22,1
636,Zubeldia,"CB, CM, CDM",79,Spain,24,1997-03-30,Spain Primera Division,181,73,1997,3,30,1
637,Odriozola,RB,79,Spain,25,1995-12-14,Italian Serie A,176,66,1995,12,14,4
663,Pepe Reina,GK,78,Spain,38,1982-08-31,Italian Serie A,188,92,1982,8,31,3
664,Negredo,ST,78,Spain,35,1985-08-20,Spain Primera Division,186,86,1985,8,20,3
678,Pedro LeÃ³n,"RM, LM",78,Spain,34,1986-11-24,Spanish Segunda DivisiÃ³n,183,73,1986,11,24,4
680,Ãngel,ST,78,Spain,34,1987-04-26,Spain Primera Division,172,68,1987,4,26,2
682,Juan Mata,"CAM, RM",78,Spain,33,1988-04-28,English Premier League,170,63,1988,4,28,2
700,Pedro,"CF, RW",78,Spain,33,1987-07-28,Italian Serie A,169,65,1987,7,28,3
706,Kike GarcÃ­a,ST,78,Spain,31,1989-11-25,Spain Primera Division,186,79,1989,11,25,4
707,Escudero,"LB, LM",78,Spain,31,1989-09-02,Spain Primera Division,176,72,1989,9,2,3
708,Jaume Costa,"LB, RB",78,Spain,33,1988-03-18,Spain Primera Division,171,62,1988,3,18,1
711,VÃ­ctor Ruiz,CB,78,Spain,32,1989-01-25,Spain Primera Division,185,78,1989,1,25,1
712,Laguardia,CB,78,Spain,31,1989-11-05,Spain Primera Division,185,80,1989,11,5,4
719,Oriol Romeu,"CDM, CM",78,Spain,29,1991-09-24,English Premier League,183,83,1991,9,24,3
721,Vitolo,"LM, RM",78,Spain,31,1989-11-02,Spain Primera Division,185,79,1989,11,2,4
730,HÃ©ctor BellerÃ­n,"RB, RWB",78,Spain,26,1995-03-19,Spain Primera Division,178,74,1995,3,19,1
734,Denis SuÃ¡rez,"CM, LM, LW",78,Spain,27,1994-01-06,Spain Primera Division,178,66,1994,1,6,1
738,Moi GÃ³mez,"LM, RM, CM",78,Spain,27,1994-06-23,Spain Primera Division,176,73,1994,6,23,2
739,Roberto Torres,"RM, LM, CM",78,Spain,32,1989-03-17,Spain Primera Division,178,72,1989,3,17,1
753,Carles Gil,"CAM, RM",78,Spain,28,1992-11-02,USA Major League Soccer,170,66,1992,11,2,4
760,Puertas,"RM, LM",78,Spain,29,1992-02-21,Spain Primera Division,183,77,1992,2,21,1
763,Adama TraorÃ©,"RW, RWB",78,Spain,25,1996-01-25,English Premier League,178,72,1996,1,25,1
769,Ayoze PÃ©rez,"RW, RM",78,Spain,27,1993-07-29,English Premier League,178,72,1993,7,29,3
770,Dani GarcÃ­a,CM,78,Spain,31,1990-05-24,Spain Primera Division,180,81,1990,5,24,2
773,Ãlex Moreno,"LB, LWB, LM",78,Spain,28,1993-06-08,Spain Primera Division,179,68,1993,6,8,2
784,Jony,LM,78,Spain,29,1991-07-09,Italian Serie A,179,71,1991,7,9,3
787,Sergio Herrera,GK,78,Spain,28,1993-06-06,Spain Primera Division,192,82,1993,6,6,2
792,David GarcÃ­a,CB,78,Spain,27,1994-02-14,Spain Primera Division,185,72,1994,2,14,1
820,Brahim,"CAM, LW, LM",78,Spain,21,1999-08-03,Italian Serie A,171,59,1999,8,3,3
842,Junior Firpo,"LB, LM",78,Spain,24,1996-08-22,English Premier League,184,78,1996,8,22,3
845,Luis Milla,"CDM, CM, CAM",78,Spain,26,1994-10-07,Spain Primera Division,175,67,1994,10,7,4
847,De Frutos,"RM, LM",78,Spain,24,1997-02-20,Spain Primera Division,176,71,1997,2,20,1
852,Puado,"LM, ST, CAM",78,Spain,23,1998-05-25,Spain Primera Division,177,69,1998,5,25,2
858,Carlos Neva,LB,78,Spain,25,1996-06-12,Spain Primera Division,174,64,1996,6,12,2
865,Diego LÃ³pez,GK,77,Spain,39,1981-11-03,Spain Primera Division,196,89,1981,11,3,4
866,Soldado,ST,77,Spain,36,1985-05-27,Spain Primera Division,180,74,1985,5,27,2
867,Jorge Molina,ST,77,Spain,39,1982-04-22,Spain Primera Division,188,72,1982,4,22,2
875,Marcano,CB,77,Spain,34,1987-06-23,Portuguese Liga ZON SAGRES,189,77,1987,6,23,2
876,Joselu,ST,77,Spain,31,1990-03-27,Spain Primera Division,192,80,1990,3,27,1
885,VÃ­ctor DÃ­az,"RB, CB",77,Spain,33,1988-06-12,Spain Primera Division,184,72,1988,6,12,2
893,Rochina,"RM, CM, CAM",77,Spain,30,1991-03-23,Spain Primera Division,182,76,1991,3,23,1
897,Aridane,CB,77,Spain,32,1989-03-23,Spain Primera Division,186,77,1989,3,23,1
898,Cote,LB,77,Spain,31,1989-09-05,Spain Primera Division,182,77,1989,9,5,3
899,De Marcos,"RB, RM, RW",77,Spain,32,1989-04-14,Spain Primera Division,182,78,1989,4,14,2
900,Oier,"CDM, CM",77,Spain,35,1986-05-25,Spain Primera Division,178,72,1986,5,25,2
909,Hugo Mallo,"RB, RWB",77,Spain,30,1991-06-22,Spain Primera Division,173,69,1991,6,22,2
934,David LÃ³pez,"CB, CDM",77,Spain,31,1989-10-09,Spain Primera Division,183,81,1989,10,9,4
937,Aleix Vidal,"RB, RM, LM",77,Spain,31,1989-08-21,Spain Primera Division,177,70,1989,8,21,3
945,Clerc,LB,77,Spain,29,1992-02-21,Spain Primera Division,182,69,1992,2,21,1
949,Sergio Rico,GK,77,Spain,27,1993-09-01,French Ligue 1,196,90,1993,9,1,3
956,Ãliver Torres,"CM, LW",77,Spain,26,1994-11-10,Spain Primera Division,175,70,1994,11,10,4
959,Samu Castillejo,"RW, RM",77,Spain,26,1995-01-18,Italian Serie A,182,67,1995,1,18,1
971,Diego Llorente,CB,77,Spain,27,1993-08-16,English Premier League,186,76,1993,8,16,3
972,Santi Mina,"ST, RW",77,Spain,25,1995-12-07,Spain Primera Division,181,77,1995,12,7,4
995,ZaldÃºa,RB,77,Spain,29,1992-06-24,Spain Primera Division,176,69,1992,6,24,2
1002,Unai LÃ³pez,"CM, CDM",77,Spain,25,1995-10-30,Spain Primera Division,170,69,1995,10,30,4
1004,Dani Ceballos,"CM, CDM",77,Spain,24,1996-08-07,Spain Primera Division,179,68,1996,8,7,3
1021,RubÃ©n Duarte,"LB, CB",77,Spain,25,1995-10-18,Spain Primera Division,180,75,1995,10,18,4
1024,Melero,"CM, ST, LM",77,Spain,27,1994-01-02,Spain Primera Division,183,77,1994,1,2,1
1029,Pedraza,"LB, LM, LWB",77,Spain,25,1996-04-09,Spain Primera Division,184,73,1996,4,9,2
1058,Rafa Mir,ST,77,Spain,24,1997-06-18,Spain Primera Division,191,87,1997,6,18,2
1074,Salvi SÃ¡nchez,RM,77,Spain,30,1991-03-30,Spain Primera Division,175,64,1991,3,30,1
1081,Marc Roca,"CDM, CM",77,Spain,24,1996-11-26,German 1. Bundesliga,184,77,1996,11,26,4
1105,Gorosabel,RB,77,Spain,24,1996-08-04,Spain Primera Division,174,70,1996,8,4,3
1119,Eric GarcÃ­a,CB,77,Spain,20,2001-01-09,Spain Primera Division,182,76,2001,1,9,1
1140,AndrÃ©s FernÃ¡ndez,GK,76,Spain,34,1986-12-16,Spanish Segunda DivisiÃ³n,187,82,1986,12,16,4
1141,IvÃ¡n CuÃ©llar,GK,76,Spain,37,1984-05-27,Spanish Segunda DivisiÃ³n,188,82,1984,5,27,2
1148,Cesc FÃ bregas,"CM, CAM, CDM",76,Spain,34,1987-05-04,French Ligue 1,179,76,1987,5,4,2
1200,Joel Robles,GK,76,Spain,31,1990-06-17,Spain Primera Division,195,90,1990,6,17,2
1202,TomÃ¡s Pina,"CM, CDM",76,Spain,33,1987-10-14,Spain Primera Division,184,78,1987,10,14,4
1206,Nolito,"LM, LW, CM",76,Spain,34,1986-10-15,Spain Primera Division,175,73,1986,10,15,4
1207,Jordi Masip,GK,76,Spain,32,1989-01-03,Spanish Segunda DivisiÃ³n,180,76,1989,1,3,1
1208,Sergi GÃ³mez,CB,76,Spain,29,1992-03-28,Spain Primera Division,185,76,1992,3,28,1
1234,Roque Mesa,"CM, CDM",76,Spain,32,1989-06-07,Spanish Segunda DivisiÃ³n,171,74,1989,6,7,2
1246,Alberto Moreno,"LB, LM",76,Spain,28,1992-07-05,Spain Primera Division,171,65,1992,7,5,3
1254,Pablo MarÃ­,CB,76,Spain,27,1993-08-31,English Premier League,193,87,1993,8,31,3
1266,Ãscar Plano,"RM, LM",76,Spain,30,1991-02-11,Spanish Segunda DivisiÃ³n,180,72,1991,2,11,1
1340,Bustinza,"CB, RB",76,Spain,29,1992-02-02,Spanish Segunda DivisiÃ³n,175,75,1992,2,2,1
1358,Borja Mayoral,ST,76,Spain,24,1997-04-05,Italian Serie A,182,74,1997,4,5,2
1361,Robert SanchÃ©z,GK,76,Spain,23,1997-11-18,English Premier League,197,85,1997,11,18,4
1364,Toni Villa,"LM, CAM, CM",76,Spain,26,1995-01-07,Spanish Segunda DivisiÃ³n,172,63,1995,1,7,1
1365,Edu ExpÃ³sito,"CDM, CM, CAM",76,Spain,24,1996-08-01,Spanish Segunda DivisiÃ³n,179,67,1996,8,1,3
1387,Isi,"RM, LM, CAM",76,Spain,26,1994-12-27,Spain Primera Division,169,71,1994,12,27,4
1398,Toni MartÃ­nez,ST,76,Spain,24,1997-06-30,Portuguese Liga ZON SAGRES,187,84,1997,6,30,2
1404,Pol Lirola,"RWB, RM, RB",76,Spain,23,1997-08-13,French Ligue 1,183,70,1997,8,13,3
1405,Brais MÃ©ndez,"RM, CM, ST",76,Spain,24,1997-01-07,Spain Primera Division,187,76,1997,1,7,1
1409,Melendo,"CAM, RM, ST",76,Spain,23,1997-08-23,Spain Primera Division,167,63,1997,8,23,3
1422,Ander Guevara,"CM, CDM",76,Spain,23,1997-07-07,Spain Primera Division,180,73,1997,7,7,3
1425,Miranda,"LB, LWB",76,Spain,21,2000-01-19,Spain Primera Division,185,79,2000,1,19,1
1431,Loren,ST,76,Spain,27,1993-12-30,Spain Primera Division,188,82,1993,12,30,4
1437,Riqui Puig,CM,76,Spain,21,1999-08-13,Spain Primera Division,169,56,1999,8,13,3
1444,Gonzalo Villar,"CM, CDM",76,Spain,23,1998-03-23,Italian Serie A,181,73,1998,3,23,1
1452,Bryan Gil,"LM, RM, CAM",76,Spain,20,2001-02-11,English Premier League,175,65,2001,2,11,1
1459,Ansu Fati,LW,76,Spain,18,2002-10-31,Spain Primera Division,178,66,2002,10,31,4
1468,Vesga,CM,75,Spain,28,1993-05-21,Spain Primera Division,191,84,1993,5,21,2
1477,Salva Sevilla,"CDM, CM",75,Spain,37,1984-03-18,Spain Primera Division,178,71,1984,3,18,1
1532,Kiko Olivas,CB,75,Spain,32,1988-08-21,Spanish Segunda DivisiÃ³n,186,71,1988,8,21,3
1546,Kiko FemenÃ­a,"RB, LB",75,Spain,30,1991-02-02,English Premier League,174,61,1991,2,2,1
1550,Balenziaga,"LB, CB",75,Spain,33,1988-02-29,Spain Primera Division,177,77,1988,2,29,1
1569,HerrerÃ­n,GK,75,Spain,33,1988-01-25,Saudi Abdul L. Jameel League,187,89,1988,1,25,1
1572,Montoya,"RB, RWB",75,Spain,30,1991-04-14,Spain Primera Division,175,73,1991,4,14,2
1579,Juanmi,"LM, ST, LW",75,Spain,28,1993-05-20,Spain Primera Division,172,69,1993,5,20,2
1581,Samu SÃ¡iz,"LM, CAM, ST",75,Spain,30,1991-01-22,Spanish Segunda DivisiÃ³n,174,68,1991,1,22,1
1582,Dani RodrÃ­guez,"CAM, LM, ST",75,Spain,33,1988-06-06,Spain Primera Division,178,71,1988,6,6,2
1588,Sergio Ãlvarez,"CDM, CB, CM",75,Spain,29,1992-01-23,Spanish Segunda DivisiÃ³n,183,74,1992,1,23,1
1589,Ãlex FernÃ¡ndez,"CAM, CDM, LM",75,Spain,28,1992-10-15,Spain Primera Division,182,72,1992,10,15,4
1590,Diego MariÃ±o,GK,75,Spain,31,1990-05-09,Spanish Segunda DivisiÃ³n,187,77,1990,5,9,2
1593,Arbilla,"CB, LB, RB",75,Spain,34,1987-05-15,Spanish Segunda DivisiÃ³n,178,76,1987,5,15,2
1598,Pulido,"CB, RB",75,Spain,30,1991-04-08,Spanish Segunda DivisiÃ³n,186,72,1991,4,8,2
1659,Jordi QuintillÃ ,"CM, CDM",75,Spain,27,1993-10-25,Swiss Super League,178,71,1993,10,25,4
1664,RubÃ©n Blanco,GK,75,Spain,25,1995-07-25,Spain Primera Division,189,80,1995,7,25,3
1670,Pere Pons,"CM, CDM, RM",75,Spain,28,1993-02-20,Spain Primera Division,177,70,1993,2,20,1
1697,Postigo,CB,75,Spain,32,1988-11-04,Spain Primera Division,185,78,1988,11,4,4
1715,Ãlvaro GarcÃ­a,"LM, RM",75,Spain,28,1992-10-27,Spain Primera Division,167,61,1992,10,27,4
1734,Jaume,GK,75,Spain,30,1990-11-05,Spain Primera Division,185,73,1990,11,5,4
1740,Carlos FernÃ¡ndez,"ST, CAM",75,Spain,25,1996-05-22,Spain Primera Division,186,72,1996,5,22,2
1746,Pablo Maffeo,"RB, RWB",75,Spain,23,1997-07-12,Spain Primera Division,172,70,1997,7,12,3
1778,Vallejo,CB,75,Spain,24,1997-01-05,Spain Primera Division,184,79,1997,1,5,1
1812,Fali,"CB, CDM",75,Spain,27,1993-08-12,Spain Primera Division,186,84,1993,8,12,3
1816,CÃ³rdoba,"LW, LM",75,Spain,24,1997-03-13,Holland Eredivisie,180,76,1997,3,13,1
1847,IvÃ¡n Alejo,"RM, LM",75,Spain,26,1995-02-10,Spain Primera Division,184,76,1995,2,10,1
1849,Javi GalÃ¡n,"LB, LWB",75,Spain,26,1994-11-19,Spain Primera Division,172,70,1994,11,19,4
1857,JoaquÃ­n,"CB, CDM",75,Spain,25,1996-05-31,Spanish Segunda DivisiÃ³n,190,72,1996,5,31,2
1880,Fran BeltrÃ¡n,"CM, CDM, CAM",75,Spain,22,1999-02-03,Spain Primera Division,165,64,1999,2,3,1
1900,Nacho Vidal,"RB, RWB",75,Spain,26,1995-01-24,Spain Primera Division,180,75,1995,1,24,1
1904,Ãscar,"CAM, CM, RM",75,Spain,23,1998-06-28,Spain Primera Division,174,68,1998,6,28,2
1911,Calero,CB,75,Spain,25,1995-09-14,Spain Primera Division,183,71,1995,9,14,3
1912,Carles PÃ©rez,"RW, CF",75,Spain,23,1998-02-16,Italian Serie A,173,75,1998,2,16,1
1915,Ãlex Centelles,LB,75,Spain,21,1999-08-30,Spanish Segunda DivisiÃ³n,185,73,1999,8,30,3
1917,Manu Vallejo,"ST, LM, CAM",75,Spain,24,1997-02-14,Spain Primera Division,167,72,1997,2,14,1
1918,MartÃ­n,"RB, RM, LB",75,Spain,25,1996-05-10,Spain Primera Division,178,69,1996,5,10,2
1939,AdriÃ  Pedrosa,"LB, LWB",75,Spain,23,1998-05-13,Spain Primera Division,176,69,1998,5,13,2
1945,Unai Vencedor,"CM, CDM",75,Spain,20,2000-11-15,Spain Primera Division,176,71,2000,11,15,4
1946,Moncayola,"CDM, CM",75,Spain,23,1998-05-13,Spain Primera Division,189,86,1998,5,13,2
1964,Mingueza,"CB, RB",75,Spain,22,1999-05-13,Spain Primera Division,184,77,1999,5,13,2
1984,Mosquera,"CDM, CM",74,Spain,33,1988-04-21,Spanish Segunda DivisiÃ³n,184,76,1988,4,21,2
1992,Oier,GK,74,Spain,31,1989-09-14,Spain Primera Division,190,86,1989,9,14,3
1994,Fran MÃ©rida,"CDM, CM, CAM",74,Spain,31,1990-03-04,Spain Primera Division,173,73,1990,3,4,1
2002,Juan Cala,CB,74,Spain,31,1989-11-26,Spain Primera Division,185,78,1989,11,26,4
2016,Fidel,"LM, CM, LWB",74,Spain,31,1989-10-27,Spain Primera Division,180,74,1989,10,27,4
2022,RubÃ©n PÃ©rez,"CM, CDM",74,Spain,32,1989-04-26,Greek Super League,178,72,1989,4,26,2
2028,Alberto Perea,LM,74,Spain,30,1990-12-19,Spain Primera Division,177,74,1990,12,19,4
2043,Osmar,"CDM, CB, CM",74,Spain,33,1988-06-05,Korean K League 1,192,86,1988,6,5,2
2046,AdriÃ¡n,GK,74,Spain,34,1987-01-03,English Premier League,190,80,1987,1,3,1
2049,Javi LÃ³pez,"RB, LB",74,Spain,35,1986-01-21,Australian Hyundai A-League,179,78,1986,1,21,1
2050,IÃ±igo PÃ©rez,"CDM, CM, LM",74,Spain,33,1988-01-18,Spain Primera Division,178,74,1988,1,18,1
2053,Ximo Navarro,"RB, CB",74,Spain,31,1990-01-23,Spain Primera Division,176,75,1990,1,23,1
2088,ToÃ±o GarcÃ­a,"LB, LM",74,Spain,31,1989-11-07,Spanish Segunda DivisiÃ³n,179,69,1989,11,7,4
2100,Patric,"CB, RB, RM",74,Spain,28,1993-04-17,Italian Serie A,184,72,1993,4,17,2
2112,Lucas TorrÃ³,"CDM, CM",74,Spain,26,1994-07-19,Spain Primera Division,190,77,1994,7,19,3
2115,Omar Mascarell,"CDM, CM",74,Spain,28,1993-02-02,Spain Primera Division,181,76,1993,2,2,1
2116,RubÃ©n Sobrino,"ST, RM",74,Spain,29,1992-06-01,Spain Primera Division,185,73,1992,6,1,2
2124,Manquillo,"RB, RWB, LB",74,Spain,27,1994-05-05,English Premier League,178,76,1994,5,5,2
2182,David Raya,GK,74,Spain,25,1995-09-15,English Premier League,183,75,1995,9,15,3
2197,Eraso,"CAM, CM, RM",74,Spain,31,1990-03-22,Spanish Segunda DivisiÃ³n,181,72,1990,3,22,1
2209,Lekue,"RB, RM, LM",74,Spain,28,1993-05-04,Spain Primera Division,180,70,1993,5,4,2
2210,Merquelanz,"LM, RM, CAM",74,Spain,26,1995-06-12,Spain Primera Division,176,72,1995,6,12,2
2218,Pere Milla,"ST, CAM, LM",74,Spain,28,1992-09-23,Spain Primera Division,184,72,1992,9,23,3
2237,Jorge MiramÃ³n,"RB, RWB",74,Spain,32,1989-06-02,Spain Primera Division,175,74,1989,6,2,2
2239,RubÃ©n Alcaraz,"CM, CDM",74,Spain,30,1991-05-01,Spanish Segunda DivisiÃ³n,183,81,1991,5,1,2
2292,Ontiveros,"LM, LW",74,Spain,23,1997-09-09,Spain Primera Division,172,75,1997,9,9,3
2302,AleÃ±Ã¡,"CM, RM, CAM",74,Spain,23,1998-01-05,Spain Primera Division,180,73,1998,1,5,1
2326,Mario GonzÃ¡lez,"ST, RM",74,Spain,25,1996-02-25,Portuguese Liga ZON SAGRES,184,76,1996,2,25,1
2330,AarÃ³n,"LB, LWB, LM",74,Spain,24,1997-04-22,German 1. Bundesliga,178,68,1997,4,22,2
2358,Abel Ruiz,ST,74,Spain,21,2000-01-28,Portuguese Liga ZON SAGRES,182,73,2000,1,28,1
2377,Aitor Ruibal,"RM, ST, RWB",74,Spain,25,1996-03-22,Spain Primera Division,176,75,1996,3,22,1
2387,Corpas,RM,74,Spain,29,1991-07-07,Spanish Segunda DivisiÃ³n,178,72,1991,7,7,3
2399,Barrenetxea,"LW, ST, RW",74,Spain,19,2001-12-27,Spain Primera Division,175,74,2001,12,27,4
2400,Aihen MuÃ±oz,LB,74,Spain,23,1997-08-16,Spain Primera Division,175,68,1997,8,16,3
2406,Zubimendi,"CM, CDM, CB",74,Spain,22,1999-02-02,Spain Primera Division,181,74,1999,2,2,1
2413,Nico Melamed,"LM, CAM, RM",74,Spain,20,2001-04-11,Spain Primera Division,173,68,2001,4,11,2
2431,Mikel Rico,"CM, CDM",73,Spain,36,1984-11-04,Spanish Segunda DivisiÃ³n,179,75,1984,11,4,4
2444,Javi GarcÃ­a,"CDM, CM",73,Spain,34,1987-02-08,Portuguese Liga ZON SAGRES,187,80,1987,2,8,1
2457,BarragÃ¡n,"RB, RWB, CB",73,Spain,34,1987-06-12,Spain Primera Division,183,76,1987,6,12,2
2461,Manolo Reina,GK,73,Spain,36,1985-04-01,Spain Primera Division,186,81,1985,4,1,2
2469,Kiko Casilla,GK,73,Spain,34,1986-10-02,Spain Primera Division,190,86,1986,10,2,4
2470,Fabricio,GK,73,Spain,33,1987-12-31,English League Championship,184,79,1987,12,31,4
2489,Roberto,GK,73,Spain,35,1986-02-10,Spanish Segunda DivisiÃ³n,192,96,1986,2,10,1
2492,Yoel,GK,73,Spain,32,1988-08-28,Spanish Segunda DivisiÃ³n,185,78,1988,8,28,3
2501,Juanfran,"RB, RWB",73,Spain,32,1988-09-11,Turkish SÃ¼per Lig,180,69,1988,9,11,3
2512,Ãscar Sielva,"CDM, CM",73,Spain,29,1991-08-06,Spanish Segunda DivisiÃ³n,178,78,1991,8,6,3
2527,DÃ­dac VilÃ ,LB,73,Spain,32,1989-06-09,Spain Primera Division,185,74,1989,6,9,2
2548,Villalibre,ST,73,Spain,23,1997-09-30,Spain Primera Division,184,87,1997,9,30,3
2553,Juan Carlos,GK,73,Spain,33,1988-01-20,Spanish Segunda DivisiÃ³n,186,85,1988,1,20,1
2554,Borja GarcÃ­a,"CAM, CM, LM",73,Spain,30,1990-11-02,Spanish Segunda DivisiÃ³n,175,72,1990,11,2,4
2555,Borja BastÃ³n,ST,73,Spain,28,1992-08-25,Spanish Segunda DivisiÃ³n,188,82,1992,8,25,3
2566,Sergio LeÃ³n,ST,73,Spain,32,1989-01-06,Spanish Segunda DivisiÃ³n,178,73,1989,1,6,1
2570,Ilie SÃ¡nchez,"CDM, CM, CB",73,Spain,30,1990-11-21,USA Major League Soccer,180,75,1990,11,21,4
2574,Timor,"CDM, CB, CM",73,Spain,31,1989-10-17,Spain Primera Division,185,81,1989,10,17,4
2591,Recio,"CM, CDM, CAM",73,Spain,30,1991-01-11,Spanish Segunda DivisiÃ³n,183,74,1991,1,11,1
2604,Fede Vico,"CAM, RM, LM",73,Spain,26,1994-07-04,Spanish Segunda DivisiÃ³n,176,70,1994,7,4,3
2608,IvÃ¡n SÃ¡nchez,"RM, LM, CM",73,Spain,28,1992-09-23,English League Championship,171,64,1992,9,23,3
2612,Ruiz de Galarreta,"CDM, CM",73,Spain,27,1993-08-06,Spain Primera Division,175,69,1993,8,6,3
2613,Fernando,GK,73,Spain,31,1990-06-10,Spanish Segunda DivisiÃ³n,185,85,1990,6,10,2
2617,Jairo,"LM, RM, ST",73,Spain,27,1993-07-11,Spanish Segunda DivisiÃ³n,173,69,1993,7,11,3
2625,Juan Cruz,"LB, LWB",73,Spain,28,1992-07-28,Spain Primera Division,180,79,1992,7,28,3
2662,Fran Sol,ST,73,Spain,29,1992-03-13,Spanish Segunda DivisiÃ³n,182,79,1992,3,13,1
2677,Nacho,"LB, LWB",73,Spain,32,1989-03-07,Spanish Segunda DivisiÃ³n,175,67,1989,3,7,1
2684,MedrÃ¡n,"CM, CDM",73,Spain,27,1994-03-15,USA Major League Soccer,178,71,1994,3,15,1
2691,RÃ³ber,"CB, CDM",73,Spain,26,1995-02-16,Spain Primera Division,182,74,1995,2,16,1
2728,Jason,"RM, RW",73,Spain,26,1994-07-06,Spain Primera Division,178,65,1994,7,6,3
2730,QuintillÃ ,"LB, LM",73,Spain,24,1996-08-23,Spanish Segunda DivisiÃ³n,183,70,1996,8,23,3
2750,Pozo,"CAM, CM, LM",73,Spain,25,1996-03-15,Spain Primera Division,171,67,1996,3,15,1
2754,Edgar MÃ©ndez,"RM, LM",73,Spain,31,1990-01-02,Spain Primera Division,187,78,1990,1,2,1
2758,Iza CarcelÃ©n,"RB, RM",73,Spain,28,1993-04-23,Spain Primera Division,174,70,1993,4,23,2
2759,Diego Rico,"LB, LWB, CB",73,Spain,28,1993-02-23,Spain Primera Division,183,76,1993,2,23,1
2770,Vigaray,RB,73,Spain,26,1994-09-07,Spanish Segunda DivisiÃ³n,182,80,1994,9,7,3
2785,Fede,"CDM, CM",73,Spain,24,1997-03-16,Spanish Segunda DivisiÃ³n,174,68,1997,3,16,1
2788,Manu GarcÃ­a,"CAM, ST, LM",73,Spain,23,1998-01-02,Spain Primera Division,169,66,1998,1,2,1
2789,Pedro Chirivella,"CDM, CM",73,Spain,24,1997-05-23,French Ligue 1,178,66,1997,5,23,2
2793,Luis Rioja,LM,73,Spain,27,1993-10-16,Spain Primera Division,175,68,1993,10,16,4
2802,AdriÃ¡n MarÃ­n,"LB, LM",73,Spain,24,1997-01-09,Portuguese Liga ZON SAGRES,181,73,1997,1,9,1
2807,Kike Barja,"RM, LM",73,Spain,24,1997-04-04,Spain Primera Division,178,69,1997,4,4,2
2808,RaÃºl Guti,"CM, CDM",73,Spain,24,1996-12-30,Spain Primera Division,177,74,1996,12,30,4
2810,Pol Llonch,"CDM, CM",73,Spain,28,1992-10-07,Holland Eredivisie,171,70,1992,10,7,4
2834,Sergi Palencia,"RB, RM",73,Spain,25,1996-03-23,Spanish Segunda DivisiÃ³n,172,68,1996,3,23,1
2841,Raillo,CB,73,Spain,29,1991-08-10,Spain Primera Division,187,80,1991,8,10,3
2856,Lazo,"LM, CAM",73,Spain,25,1996-02-16,Spanish Segunda DivisiÃ³n,178,71,1996,2,16,1
2858,Josan,"RM, RWB",73,Spain,31,1989-12-03,Spain Primera Division,175,68,1989,12,3,4
2906,Toni Lato,"LB, LM, CB",73,Spain,23,1997-11-21,Spain Primera Division,171,64,1997,11,21,4
2937,Luis PÃ©rez,"RB, RWB",73,Spain,26,1995-02-04,Spanish Segunda DivisiÃ³n,174,70,1995,2,4,1
2943,Aleix Febas,"CM, CAM, CDM",73,Spain,25,1996-02-22,Spain Primera Division,171,61,1996,2,22,1
2947,Santi ComesaÃ±a,"CDM, CM",73,Spain,24,1996-10-05,Spain Primera Division,184,75,1996,10,5,4
2957,Ãlvaro,GK,73,Spain,23,1998-04-13,English Premier League,186,75,1998,4,13,2
2980,Guridi,CM,73,Spain,26,1995-02-28,Spain Primera Division,179,64,1995,2,28,1
3003,Borja SÃ¡nchez,"LM, CAM",73,Spain,25,1996-02-26,Spanish Segunda DivisiÃ³n,185,80,1996,2,26,1
3006,Dani Raba,"RM, CAM",73,Spain,25,1995-10-29,Spain Primera Division,184,76,1995,10,29,4
3009,Manu Morlanes,"CDM, CM",73,Spain,22,1999-01-12,Spain Primera Division,178,75,1999,1,12,1
3021,Dani GÃ³mez,ST,73,Spain,22,1998-07-30,Spain Primera Division,178,69,1998,7,30,3
3024,Catena,CB,73,Spain,26,1994-10-28,Spain Primera Division,194,82,1994,10,28,4
3025,Enric Gallego,ST,73,Spain,34,1986-09-12,Spanish Segunda DivisiÃ³n,190,79,1986,9,12,3
3028,Sancet,"ST, CAM",73,Spain,21,2000-04-25,Spain Primera Division,188,72,2000,4,25,2
3041,Hugo GuillamÃ³n,"CB, CDM, CM",73,Spain,21,2000-01-31,Spain Primera Division,178,62,2000,1,31,1
3058,Mateu Morey,"RB, RM",73,Spain,21,2000-03-02,German 1. Bundesliga,173,67,2000,3,2,1
3069,Son,RB,73,Spain,27,1994-03-30,Spain Primera Division,178,72,1994,3,30,1
3071,Manu SÃ¡nchez,LB,73,Spain,20,2000-08-24,Spain Primera Division,171,66,2000,8,24,3
3072,Fer NiÃ±o,ST,73,Spain,20,2000-10-24,Spain Primera Division,190,78,2000,10,24,4
3085,Jon Morcillo,"LM, LW",73,Spain,22,1998-09-15,Spain Primera Division,183,72,1998,9,15,3
3087,I. Moriba,CM,73,Spain,18,2003-01-19,German 1. Bundesliga,185,73,2003,1,19,1
3088,Yeremy Pino,"RM, LM, ST",73,Spain,18,2002-10-20,Spain Primera Division,172,60,2002,10,20,4
3115,Mario SuÃ¡rez,"CDM, CM",72,Spain,34,1987-02-24,Spain Primera Division,188,80,1987,2,24,1
3116,Coke,"RB, CB",72,Spain,34,1987-04-26,Spain Primera Division,177,74,1987,4,26,2
3118,JosÃ© Crespo,"CB, RB, LB",72,Spain,34,1987-02-09,Greek Super League,185,78,1987,2,9,1
3177,VÃ­ctor VÃ¡zquez,"CAM, CM",72,Spain,34,1987-01-20,USA Major League Soccer,175,75,1987,1,20,1
3182,Etxeita,CB,72,Spain,33,1987-10-31,Spanish Segunda DivisiÃ³n,186,78,1987,10,31,4
3183,MÃ­chel,"CM, CDM",72,Spain,32,1988-07-29,Spanish Segunda DivisiÃ³n,182,68,1988,7,29,3
3211,Portillo,"RM, LM",72,Spain,31,1990-06-13,Spanish Segunda DivisiÃ³n,169,60,1990,6,13,2
3235,RaÃºl Carnero,"LB, LM",72,Spain,32,1989-04-30,Spanish Segunda DivisiÃ³n,180,74,1989,4,30,2
3282,IsaÃ­as,"CDM, CM",72,Spain,34,1987-02-09,Australian Hyundai A-League,173,71,1987,2,9,1
3292,Juan Carlos,"CM, CAM",72,Spain,30,1991-03-15,Spanish Segunda DivisiÃ³n,183,73,1991,3,15,1
3296,RubÃ©n Pardo,"CM, CDM",72,Spain,28,1992-10-22,Spanish Segunda DivisiÃ³n,181,69,1992,10,22,4
3297,HervÃ­as,"RM, LM, RB",72,Spain,28,1993-03-08,Spanish Segunda DivisiÃ³n,174,67,1993,3,8,1
3301,Vadillo,"LM, RM",72,Spain,26,1994-09-12,Spain Primera Division,180,69,1994,9,12,3
3303,David Ferreiro,"RM, LM, CM",72,Spain,33,1988-04-01,Spanish Segunda DivisiÃ³n,170,63,1988,4,1,2
3308,Ãlvaro Lemos,"RB, RM",72,Spain,28,1993-03-30,Spanish Segunda DivisiÃ³n,175,78,1993,3,30,1
3318,Bigas,"CB, LB",72,Spain,30,1990-09-15,Spain Primera Division,181,78,1990,9,15,3
3329,Aitor GarcÃ­a,"LM, ST, RM",72,Spain,27,1994-03-25,Spanish Segunda DivisiÃ³n,173,72,1994,3,25,1
3340,Quini,"LB, RB",72,Spain,31,1989-09-24,Spain Primera Division,178,74,1989,9,24,3
3350,JosÃ© Mari,"CDM, CM",72,Spain,33,1987-12-06,Spain Primera Division,180,69,1987,12,6,4
3357,Ãlex Gallar,"RM, ST, LM",72,Spain,29,1992-03-19,Spanish Segunda DivisiÃ³n,176,71,1992,3,19,1
3411,Unai GarcÃ­a,CB,72,Spain,28,1992-09-03,Spain Primera Division,186,81,1992,9,3,3
3427,Sandro,ST,72,Spain,25,1995-07-09,Spain Primera Division,175,71,1995,7,9,3
3434,Camarasa,"CM, CAM, RM",72,Spain,27,1994-05-28,Spain Primera Division,183,77,1994,5,28,2
3435,Cantero,GK,72,Spain,26,1995-01-09,Spanish Segunda DivisiÃ³n,189,82,1995,1,9,1
3452,N. Leiva,"LM, ST",72,Spain,24,1996-11-22,Spanish Segunda DivisiÃ³n,176,70,1996,11,22,4
3466,Sivera,GK,72,Spain,24,1996-08-11,Spain Primera Division,184,75,1996,8,11,3
3475,Jorge MerÃ©,CB,72,Spain,24,1997-04-17,German 1. Bundesliga,182,78,1997,4,17,2
3488,Granell,"CDM, CM, CB",72,Spain,32,1988-08-02,Liga de FÃºtbol Profesional Boliviano,175,70,1988,8,2,3
3492,Sergi CanÃ³s,"LW, LWB, RWB",72,Spain,24,1997-02-02,English Premier League,175,66,1997,2,2,1
3513,Sabin Merino,"ST, LM, RM",72,Spain,29,1992-01-04,Spanish Segunda DivisiÃ³n,187,74,1992,1,4,1
3539,Kevin,"RB, RWB",72,Spain,28,1993-03-23,Spain Primera Division,173,72,1993,3,23,1
3542,Aleix GarcÃ­a,"CAM, CM, RM",72,Spain,24,1997-06-28,Spanish Segunda DivisiÃ³n,173,68,1997,6,28,2
3555,Sergi Guardiola,ST,72,Spain,30,1991-05-29,Spain Primera Division,184,78,1991,5,29,2
3616,Waldo,"LM, RM, LW",72,Spain,25,1995-08-17,Belgian Jupiler Pro League,181,80,1995,8,17,3
3618,Joan Sastre,"RB, LB",72,Spain,24,1997-04-30,Spain Primera Division,174,75,1997,4,30,2
3620,Curro SÃ¡nchez,"RM, CAM, CM",72,Spain,25,1996-01-03,Spanish Segunda DivisiÃ³n,173,71,1996,1,3,1
3621,Ãlvaro Tejero,RB,72,Spain,24,1996-07-20,Spanish Segunda DivisiÃ³n,172,65,1996,7,20,3
3636,Garrido,CDM,72,Spain,31,1989-10-09,Spain Primera Division,185,80,1989,10,9,4
3677,Dani CÃ¡rdenas,GK,72,Spain,24,1997-03-28,Spain Primera Division,186,80,1997,3,28,1
3680,Marc Cardona,"ST, LW",72,Spain,25,1995-07-08,Holland Eredivisie,183,70,1995,7,8,3
3681,Pedro DÃ­az,"CDM, CM, CAM",72,Spain,23,1998-06-05,Spanish Segunda DivisiÃ³n,180,78,1998,6,5,2
3705,Carlitos,"ST, CAM, LW",72,Spain,31,1990-06-12,Greek Super League,177,71,1990,6,12,2
3711,Tete Morente,"RM, LM, CF",72,Spain,24,1996-12-04,Spain Primera Division,184,78,1996,12,4,4
3760,Javi SÃ¡nchez,CB,72,Spain,24,1997-03-14,Spanish Segunda DivisiÃ³n,188,79,1997,3,14,1
3763,VÃ­ctor GÃ³mez,RB,72,Spain,21,2000-04-01,Spanish Segunda DivisiÃ³n,166,69,2000,4,1,2
3767,Ãscar Gil,"RB, RWB",72,Spain,23,1998-04-26,Spain Primera Division,173,70,1998,4,26,2
3769,Fran GarcÃ­a,"LB, LM",72,Spain,21,1999-08-14,Spain Primera Division,167,69,1999,8,14,3
3770,Fidalgo,"LM, CAM, CM",72,Spain,24,1997-04-09,Mexican Liga MX,172,67,1997,4,9,2
3775,Edgar,"CDM, CB",72,Spain,24,1997-04-01,Spain Primera Division,193,78,1997,4,1,2
3776,Jaime Seoane,"CM, CDM",72,Spain,24,1997-01-22,Spanish Segunda DivisiÃ³n,177,70,1997,1,22,1
3793,Antonio SÃ¡nchez,"CAM, RM, RW",72,Spain,24,1997-04-22,Spain Primera Division,179,78,1997,4,22,2
3817,Zarraga,"CM, CAM, RW",72,Spain,22,1999-01-04,Spain Primera Division,175,76,1999,1,4,1
3830,Riesgo,GK,71,Spain,37,1983-10-06,Spanish Segunda DivisiÃ³n,187,72,1983,10,6,4
3833,Angulo,ST,71,Spain,37,1984-01-26,Indian Super League,183,79,1984,1,26,1
3845,Juanma,"CB, LB",71,Spain,38,1982-10-18,Spanish Segunda DivisiÃ³n,186,80,1982,10,18,4
3864,Bojan,"CAM, CF",71,Spain,30,1990-08-28,Japanese J. League Division 1,170,68,1990,8,28,3
3894,Mikel San JosÃ©,"CM, CDM, CB",71,Spain,32,1989-05-30,Spanish Segunda DivisiÃ³n,187,79,1989,5,30,2
3900,RaÃºl FernÃ¡ndez,GK,71,Spain,33,1988-03-13,Spanish Segunda DivisiÃ³n,195,92,1988,3,13,1
3913,AlcalÃ¡,CB,71,Spain,32,1989-03-19,Spanish Segunda DivisiÃ³n,196,93,1989,3,19,1
3914,Quique,"ST, LM, RM",71,Spain,31,1990-05-16,Spanish Segunda DivisiÃ³n,175,67,1990,5,16,2
3917,Hugo Fraile,"RM, CM",71,Spain,34,1987-03-16,Spanish Segunda DivisiÃ³n,170,73,1987,3,16,1
3941,Escassi,"CDM, CB, CM",71,Spain,32,1989-02-28,Spanish Segunda DivisiÃ³n,185,79,1989,2,28,1
3952,Ignasi Miquel,CB,71,Spain,28,1992-09-28,Spanish Segunda DivisiÃ³n,189,82,1992,9,28,3
3954,Arribas,CB,71,Spain,32,1989-05-01,Spanish Segunda DivisiÃ³n,182,76,1989,5,1,2
3961,GuitiÃ¡n,CB,71,Spain,30,1990-07-29,Liga de FÃºtbol Profesional Boliviano,181,69,1990,7,29,3
3964,Luna,"LB, CB",71,Spain,30,1991-03-17,Spanish Segunda DivisiÃ³n,178,68,1991,3,17,1
3997,Juankar,"LB, LWB",71,Spain,31,1990-03-30,Greek Super League,178,68,1990,3,30,1
4006,David JuncÃ ,"LB, LWB, LM",71,Spain,27,1993-11-16,Spanish Segunda DivisiÃ³n,175,67,1993,11,16,4
4007,JesÃ©,"ST, RW",71,Spain,28,1993-02-26,Spanish Segunda DivisiÃ³n,178,80,1993,2,26,1
4009,AbdÃ³n Prats,"ST, LM",71,Spain,28,1992-12-17,Spain Primera Division,181,81,1992,12,17,4
4051,Insua,CB,71,Spain,27,1993-09-09,Spanish Segunda DivisiÃ³n,187,80,1993,9,9,3
4064,Dani Barrio,GK,71,Spain,34,1987-02-10,Spanish Segunda DivisiÃ³n,190,78,1987,2,10,1
4071,Eugeni,CM,71,Spain,26,1994-07-19,Portuguese Liga ZON SAGRES,184,75,1994,7,19,3
4076,Jozabed,"CM, CDM, CAM",71,Spain,30,1991-03-08,Spanish Segunda DivisiÃ³n,180,70,1991,3,8,1
4092,Alex MuÃ±oz,"LB, CB",71,Spain,26,1994-07-30,Spanish Segunda DivisiÃ³n,187,80,1994,7,30,3
4117,Aketxe,"RM, CAM",71,Spain,27,1993-12-30,Spanish Segunda DivisiÃ³n,174,69,1993,12,30,4
4156,Dani Calvo,CB,71,Spain,27,1994-04-01,Spanish Segunda DivisiÃ³n,190,82,1994,4,1,2
4160,Rober IbÃ¡Ã±ez,"RM, LM, ST",71,Spain,28,1993-03-22,Spain Primera Division,179,72,1993,3,22,1
4161,SaÃºl,LB,71,Spain,26,1994-11-09,Spain Primera Division,183,71,1994,11,9,4
4163,Chema RodrÃ­guez,"CB, LB",71,Spain,29,1992-03-03,Spain Primera Division,189,80,1992,3,3,1
4203,Ivi LÃ³pez,"CF, LM",71,Spain,27,1994-06-29,Polish T-Mobile Ekstraklasa,174,70,1994,6,29,2
4204,IvÃ¡n Villar,GK,71,Spain,23,1997-07-09,Spanish Segunda DivisiÃ³n,189,76,1997,7,9,3
4225,JesÃºs Imaz,"CF, CAM, ST",71,Spain,30,1990-09-26,Polish T-Mobile Ekstraklasa,179,70,1990,9,26,3
4234,Jairo,"LM, LB, RM",71,Spain,27,1993-10-22,Spanish Segunda DivisiÃ³n,165,64,1993,10,22,4
4274,Unai Bilbao,CB,71,Spain,27,1994-02-04,Mexican Liga MX,192,87,1994,2,4,1
4278,Gerard ValentÃ­n,"RM, RB, RWB",71,Spain,27,1993-07-28,Spanish Segunda DivisiÃ³n,177,75,1993,7,28,3
4313,Pepelu,"CDM, CM",71,Spain,22,1998-08-11,Spain Primera Division,186,73,1998,8,11,3
4324,MiguelÃ³n,RB,71,Spain,25,1996-01-18,Spain Primera Division,170,67,1996,1,18,1
4352,Jon Bautista,"ST, CAM",71,Spain,25,1995-07-03,Spanish Segunda DivisiÃ³n,180,72,1995,7,3,3
4366,LluÃ­s LÃ³pez,"CB, RB",71,Spain,24,1997-03-05,Spanish Segunda DivisiÃ³n,182,79,1997,3,5,1
4391,Alex Pozo,"RB, RM, LM",71,Spain,22,1999-02-22,Spanish Segunda DivisiÃ³n,173,62,1999,2,22,1
4399,Luis MuÃ±oz,"CM, CDM, CB",71,Spain,24,1997-02-23,Spanish Segunda DivisiÃ³n,182,76,1997,2,23,1
4413,Jorge Cuenca,CB,71,Spain,21,1999-11-17,Spain Primera Division,190,75,1999,11,17,4
4428,Jordi Mboula,"RM, LM",71,Spain,22,1999-03-16,Spain Primera Division,183,74,1999,3,16,1
4458,Dani MartÃ­n,GK,71,Spain,22,1998-07-08,Spanish Segunda DivisiÃ³n,187,77,1998,7,8,3
4482,Alberto Soro,RM,71,Spain,22,1999-03-09,Spain Primera Division,173,63,1999,3,9,1
4489,Mujaid,"CB, RB",71,Spain,21,2000-03-14,Belgian Jupiler Pro League,183,81,2000,3,14,1
4490,Ãscar ValentÃ­n,"CDM, CM",71,Spain,26,1994-08-20,Spain Primera Division,177,72,1994,8,20,3
4493,Gonzalo VerdÃº,CB,71,Spain,32,1988-10-21,Spain Primera Division,185,80,1988,10,21,4
4495,Ale DÃ­ez,"RB, RM, LB",71,Spain,25,1996-02-17,Spanish Segunda DivisiÃ³n,175,74,1996,2,17,1
4509,Pipa,"RWB, RB, RM",71,Spain,23,1998-01-26,English League Championship,176,72,1998,1,26,1
4535,Vivian,CB,71,Spain,21,1999-07-05,Spain Primera Division,183,83,1999,7,5,3
4538,Sergio Ruiz,"CDM, CM, CAM",71,Spain,26,1994-12-16,Spanish Segunda DivisiÃ³n,177,75,1994,12,16,4
4588,Blanco,"CM, CDM",71,Spain,20,2000-07-23,Spain Primera Division,176,68,2000,7,23,3
4597,Aitor Sanz,"CDM, CM",70,Spain,36,1984-09-13,Spanish Segunda DivisiÃ³n,181,71,1984,9,13,3
4637,Xavi Torres,"CDM, CM, CB",70,Spain,34,1986-11-21,Spanish Segunda DivisiÃ³n,182,76,1986,11,21,4
4650,Sergio Tejera,"CDM, CM",70,Spain,31,1990-05-28,Spanish Segunda DivisiÃ³n,180,75,1990,5,28,2
4668,Marc Valiente,CB,70,Spain,34,1987-03-29,Spanish Segunda DivisiÃ³n,184,73,1987,3,29,1
4669,SaÃºl BerjÃ³n,LM,70,Spain,35,1986-05-24,Spanish Segunda DivisiÃ³n,178,84,1986,5,24,2
4675,RÃ­os Reina,"LB, LM",70,Spain,31,1990-05-10,Spanish Segunda DivisiÃ³n,180,78,1990,5,10,2
4677,Ãlvaro GimÃ©nez,ST,70,Spain,30,1991-05-19,Spanish Segunda DivisiÃ³n,183,83,1991,5,19,2
4682,Tomeu Nadal,GK,70,Spain,32,1989-02-08,Spanish Segunda DivisiÃ³n,187,82,1989,2,8,1
4689,CristÃ³bal,"CDM, CM, CAM",70,Spain,37,1984-04-21,Spanish Segunda DivisiÃ³n,181,77,1984,4,21,2
4690,FontÃ s,CB,70,Spain,31,1989-11-14,USA Major League Soccer,185,86,1989,11,14,4
4691,Juan Villar,"ST, RM",70,Spain,33,1988-05-19,Spanish Segunda DivisiÃ³n,182,72,1988,5,19,2
4693,Marc Mateu,"LM, LB, CAM",70,Spain,31,1990-06-16,Spanish Segunda DivisiÃ³n,180,71,1990,6,16,2
4711,Daniel Ayala,CB,70,Spain,30,1990-11-07,English League Championship,190,84,1990,11,7,4
4717,Dani JimÃ©nez,GK,70,Spain,31,1990-03-05,Spanish Segunda DivisiÃ³n,179,72,1990,3,5,1
4727,Jordi Amat,"CB, CDM",70,Spain,29,1992-03-21,Belgian Jupiler Pro League,184,83,1992,3,21,1
4733,RaÃºl Navas,CB,70,Spain,33,1988-05-11,Spanish Segunda DivisiÃ³n,186,84,1988,5,11,2
4744,GÃ¡lvez,CB,70,Spain,32,1989-06-06,Spanish Segunda DivisiÃ³n,188,79,1989,6,6,2
4746,Aridai,"RM, RW",70,Spain,32,1988-09-26,Indian Super League,168,73,1988,9,26,3
4747,Fran VÃ©lez,"CB, CDM",70,Spain,30,1991-06-23,Greek Super League,182,79,1991,6,23,2
4768,Erik MorÃ¡n,"CDM, CM",70,Spain,30,1991-05-25,Spanish Segunda DivisiÃ³n,187,74,1991,5,25,2
4773,Ãlvaro Rey,"RW, LW",70,Spain,31,1989-07-11,Liga de FÃºtbol Profesional Boliviano,183,78,1989,7,11,3
4800,AdriÃ¡n OrtolÃ¡,GK,70,Spain,27,1993-08-20,Spanish Segunda DivisiÃ³n,187,74,1993,8,20,3
4817,Sergi Samper,"CDM, CM",70,Spain,26,1995-01-20,Japanese J. League Division 1,182,73,1995,1,20,1
4820,Rober Correa,RB,70,Spain,28,1992-09-29,Spanish Segunda DivisiÃ³n,180,71,1992,9,29,3
4822,Andy,"CDM, CM",70,Spain,31,1990-01-30,Spanish Segunda DivisiÃ³n,185,79,1990,1,30,1
4844,De La Hoz,"CDM, CB",70,Spain,29,1992-03-30,Spanish Segunda DivisiÃ³n,179,74,1992,3,30,1
4845,Pablo Valcarce,"LM, RM, CAM",70,Spain,28,1993-02-03,Spanish Segunda DivisiÃ³n,173,70,1993,2,3,1
4858,Borja LÃ³pez,CB,70,Spain,27,1994-02-02,Spanish Segunda DivisiÃ³n,190,82,1994,2,2,1
4860,Brandon Thomas,"ST, LM, CAM",70,Spain,26,1995-02-04,Spanish Segunda DivisiÃ³n,175,71,1995,2,4,1
4899,Gumbau,"CDM, CM",70,Spain,26,1994-12-18,Spain Primera Division,187,77,1994,12,18,4
4939,RubÃ©n YÃ¡Ã±ez,GK,70,Spain,27,1993-10-12,Spain Primera Division,190,85,1993,10,12,4
4941,David Costas,"CB, RB",70,Spain,26,1995-03-26,Spanish Segunda DivisiÃ³n,181,73,1995,3,26,1
4948,AarÃ³n,GK,70,Spain,25,1995-09-27,Spain Primera Division,185,71,1995,9,27,3
5002,Jorge SÃ¡enz,CB,70,Spain,24,1996-11-17,Portuguese Liga ZON SAGRES,192,75,1996,11,17,4
5022,Akieme,LB,70,Spain,23,1997-12-16,Spanish Segunda DivisiÃ³n,175,70,1997,12,16,4
5029,Diego GonzÃ¡lez,"CB, LB",70,Spain,26,1995-01-28,Spain Primera Division,185,83,1995,1,28,1
5037,Jorge Pombo,"ST, LM, CAM",70,Spain,27,1994-02-22,Spanish Segunda DivisiÃ³n,177,76,1994,2,22,1
5039,Brian OlivÃ¡n,LB,70,Spain,27,1994-04-01,Spain Primera Division,177,73,1994,4,1,2
5045,Aitor BuÃ±uel,"RB, CB",70,Spain,23,1998-02-10,Spanish Segunda DivisiÃ³n,173,70,1998,2,10,1
5047,Rodri TarÃ­n,"CB, RB",70,Spain,24,1996-07-05,Spanish Segunda DivisiÃ³n,182,77,1996,7,5,3
5058,Jordi Calavera,RB,70,Spain,25,1995-08-02,Spanish Segunda DivisiÃ³n,182,74,1995,8,2,3
5061,Fran Villalba,"LM, CAM, CM",70,Spain,23,1998-05-11,Spanish Segunda DivisiÃ³n,172,63,1998,5,11,2
5102,Aitor,"RW, RM",70,Spain,25,1996-02-10,Greek Super League,177,67,1996,2,10,1
5104,JosÃ© ArnÃ¡iz,"LM, ST, RM",70,Spain,26,1995-04-15,Spanish Segunda DivisiÃ³n,174,70,1995,4,15,2
5153,Caro,GK,70,Spain,27,1994-05-03,Spanish Segunda DivisiÃ³n,184,83,1994,5,3,2
5154,Juan Soriano,GK,70,Spain,23,1997-08-23,Spanish Segunda DivisiÃ³n,185,78,1997,8,23,3
5161,Benito,"RM, LM, LB",70,Spain,25,1995-07-11,Spanish Segunda DivisiÃ³n,179,70,1995,7,11,3
5165,Ãlvaro JimÃ©nez,RM,70,Spain,26,1995-05-19,Spain Primera Division,175,71,1995,5,19,2
5189,Kike PÃ©rez,"CAM, CM, CDM",70,Spain,24,1997-02-14,Spanish Segunda DivisiÃ³n,184,74,1997,2,14,1
5196,Juanjo Nieto,RB,70,Spain,26,1994-10-03,Spanish Segunda DivisiÃ³n,175,71,1994,10,3,4
5198,Eric Curbelo,"CB, RB",70,Spain,27,1994-01-14,Spanish Segunda DivisiÃ³n,179,77,1994,1,14,1
5257,Toni Moya,"CM, CAM, CDM",70,Spain,23,1998-03-20,Spain Primera Division,180,78,1998,3,20,1
5261,Monchu,"CM, CDM",70,Spain,21,1999-09-13,Spain Primera Division,173,68,1999,9,13,3
5272,Aguado,"CM, CDM, CAM",70,Spain,25,1996-05-01,Spanish Segunda DivisiÃ³n,175,70,1996,5,1,2
5292,Fran GÃ¡mez,"RB, LB",70,Spain,29,1991-07-27,Spanish Segunda DivisiÃ³n,174,71,1991,7,27,3
5293,IÃ±igo Vicente,"LW, LM",70,Spain,23,1998-01-06,Spanish Segunda DivisiÃ³n,178,70,1998,1,6,1
5305,Javi HernÃ¡ndez,"LB, CB, LM",70,Spain,23,1998-05-02,Spanish Segunda DivisiÃ³n,182,75,1998,5,2,2
5311,Montero,CB,70,Spain,22,1999-01-14,Turkish SÃ¼per Lig,185,76,1999,1,14,1
5327,Ãlex Blanco,"LM, RM",70,Spain,22,1998-12-16,Spain Primera Division,175,70,1998,12,16,4
5329,Mollejo,"LM, RM",70,Spain,20,2001-01-21,Spanish Segunda DivisiÃ³n,176,63,2001,1,21,1
5332,IvÃ¡n Jaime,"CAM, ST, LW",70,Spain,20,2000-09-26,Portuguese Liga ZON SAGRES,180,73,2000,9,26,3
5336,Roberto LÃ³pez,"CAM, CM",70,Spain,21,2000-04-24,Spanish Segunda DivisiÃ³n,179,70,2000,4,24,2
5340,IvÃ¡n Martos,"LB, CB",70,Spain,24,1997-05-15,Spanish Segunda DivisiÃ³n,182,68,1997,5,15,2
5357,IvÃ¡n MartÃ­n,"RM, CAM, LM",70,Spain,22,1999-02-14,Spain Primera Division,178,70,1999,2,14,1
5367,Ãlex Sola,"LM, LB, RM",70,Spain,22,1999-06-09,Spanish Segunda DivisiÃ³n,178,75,1999,6,9,2
5381,JosÃ© Gragera,"CDM, CM",70,Spain,21,2000-05-14,Spanish Segunda DivisiÃ³n,187,81,2000,5,14,2
5396,Franquesa,"LB, LM, LWB",70,Spain,24,1997-02-26,Spain Primera Division,174,70,1997,2,26,1
5422,Javi MartÃ­nez,"CM, RM",70,Spain,21,1999-12-22,Spain Primera Division,180,74,1999,12,22,4
5451,Rodri,"LM, CAM, CM",70,Spain,21,2000-05-16,Spain Primera Division,168,62,2000,5,16,2
5460,Cantero,"LM, RM, ST",70,Spain,21,2000-06-08,Spain Primera Division,184,75,2000,6,8,2
5469,RubÃ©n Castro,ST,69,Spain,40,1981-06-27,Spanish Segunda DivisiÃ³n,169,68,1981,6,27,2
5483,Pita,"CDM, CB, CM",69,Spain,36,1984-12-08,Spanish Segunda DivisiÃ³n,185,84,1984,12,8,4
5484,Xisco,ST,69,Spain,35,1986-06-26,Spanish Segunda DivisiÃ³n,188,84,1986,6,26,2
5489,SantamarÃ­a,GK,69,Spain,36,1985-02-27,Spanish Segunda DivisiÃ³n,184,73,1985,2,27,1
5526,AntoÃ±ito,"RB, RM, RWB",69,Spain,33,1987-12-24,Spanish Segunda DivisiÃ³n,175,67,1987,12,24,4
5555,LombÃ¡n,CB,69,Spain,34,1987-06-05,Spanish Segunda DivisiÃ³n,185,79,1987,6,5,2
5570,Juanpe,CB,69,Spain,30,1991-04-30,Spanish Segunda DivisiÃ³n,190,80,1991,4,30,2
5601,Guerrero,ST,69,Spain,30,1990-07-12,Spanish Segunda DivisiÃ³n,181,76,1990,7,12,3
5614,RaÃºl Lizoain,GK,69,Spain,30,1991-01-27,Spanish Segunda DivisiÃ³n,188,80,1991,1,27,1
5623,Bruno,CB,69,Spain,31,1990-05-24,Spanish Segunda DivisiÃ³n,185,86,1990,5,24,2
5667,Mikel Iribas,RB,69,Spain,33,1988-04-13,Spanish Segunda DivisiÃ³n,184,78,1988,4,13,2
5672,Oriol Rosell,"CDM, CM",69,Spain,28,1992-07-07,USA Major League Soccer,182,76,1992,7,7,3
5738,Pol GarcÃ­a,"CB, LB",69,Spain,26,1995-02-18,Mexican Liga MX,185,76,1995,2,18,1
5758,Cifu,"RB, RWB, RM",69,Spain,30,1990-10-05,Spanish Segunda DivisiÃ³n,174,66,1990,10,5,4
5811,Marco Sangalli,"RM, CM",69,Spain,29,1992-02-07,Spanish Segunda DivisiÃ³n,179,66,1992,2,7,1
5838,IvÃ¡n RodrÃ­guez,"RB, LB",69,Spain,25,1996-04-30,Spanish Segunda DivisiÃ³n,180,70,1996,4,30,2
5839,Mula,"LM, RM",69,Spain,24,1996-07-23,Spanish Segunda DivisiÃ³n,178,70,1996,7,23,3
5843,Luismi,"CDM, CM, CB",69,Spain,29,1992-05-05,Spanish Segunda DivisiÃ³n,180,73,1992,5,5,2
5851,Nano Mesa,"ST, LM",69,Spain,26,1995-02-05,Spanish Segunda DivisiÃ³n,178,76,1995,2,5,1
5887,Juan MuÃ±oz,"ST, CAM",69,Spain,25,1995-11-12,Spanish Segunda DivisiÃ³n,179,79,1995,11,12,4
5917,Javi MuÃ±oz,"CM, CAM, CDM",69,Spain,26,1995-02-28,Spanish Segunda DivisiÃ³n,175,69,1995,2,28,1
5936,Juan PÃ©rez,GK,69,Spain,24,1996-07-15,Spain Primera Division,187,83,1996,7,15,3
5938,Javi JimÃ©nez,"LB, LWB, LM",69,Spain,25,1996-01-11,Spanish Segunda DivisiÃ³n,171,70,1996,1,11,1
5988,JosÃ© Amo,"CB, CDM",69,Spain,23,1998-04-09,Spanish Segunda DivisiÃ³n,181,75,1998,4,9,2
6038,Pomares,"LB, LM",69,Spain,28,1992-12-05,Spanish Segunda DivisiÃ³n,182,71,1992,12,5,4
6057,MartÃ­nez,CB,69,Spain,28,1993-02-12,USA Major League Soccer,188,80,1993,2,12,1
6085,Josema,"CB, LB",69,Spain,25,1996-06-06,Spain Primera Division,184,81,1996,6,6,2
6086,Lasure,"LB, LM",69,Spain,27,1994-02-27,Spanish Segunda DivisiÃ³n,175,75,1994,2,27,1
6099,Cris Salvador,"CDM, CM, CB",69,Spain,26,1994-11-20,Spanish Segunda DivisiÃ³n,184,83,1994,11,20,4
6145,Glauder,"LB, CB",69,Spain,25,1995-10-18,Spanish Segunda DivisiÃ³n,183,76,1995,10,18,4
6168,Nolaskoain,"CM, CB",69,Spain,22,1998-10-25,Spain Primera Division,186,82,1998,10,25,4
6176,Sergio GÃ³mez,"RM, LM, LB",69,Spain,20,2000-09-04,Belgian Jupiler Pro League,171,68,2000,9,4,3
6195,PejiÃ±o,"LM, RM",69,Spain,24,1996-07-29,Spanish Segunda DivisiÃ³n,177,67,1996,7,29,3
6203,Hugo Duro,"ST, LM",69,Spain,21,1999-11-10,Spain Primera Division,180,76,1999,11,10,4
6222,JesÃºs JimÃ©nez,ST,69,Spain,27,1993-11-05,Polish T-Mobile Ekstraklasa,183,80,1993,11,5,4
6224,Jorge FÃ©lix,"ST, LM, RM",69,Spain,29,1991-08-22,Turkish SÃ¼per Lig,175,68,1991,8,22,3
6228,Pol Lozano,"CM, CDM",69,Spain,21,1999-10-06,Spanish Segunda DivisiÃ³n,176,68,1999,10,6,4
6233,Elady,"ST, LM, CAM",69,Spain,30,1990-07-13,Spanish Segunda DivisiÃ³n,176,75,1990,7,13,3
6239,Stoichkov,"ST, CAM",69,Spain,27,1993-11-05,Spanish Segunda DivisiÃ³n,178,71,1993,11,5,4
6243,Luca Sangalli,"CM, CAM, RM",69,Spain,26,1995-02-10,Spanish Segunda DivisiÃ³n,167,74,1995,2,10,1
6244,Guerrero,"LB, LM",69,Spain,23,1998-01-28,Swiss Super League,174,67,1998,1,28,1
6249,Rober,"RM, ST, CAM",69,Spain,20,2001-01-06,Spain Primera Division,169,63,2001,1,6,1
6252,AndrÃ©s MartÃ­n,"ST, RM, CAM",69,Spain,21,1999-07-11,Spain Primera Division,170,66,1999,7,11,3
6254,IÃ±aki PeÃ±a,GK,69,Spain,22,1999-03-02,Spain Primera Division,184,78,1999,3,2,1
6262,Javi Mier,"CM, CDM, ST",69,Spain,22,1999-02-04,Spanish Segunda DivisiÃ³n,176,65,1999,2,4,1
6263,Ãlvaro Valles,GK,69,Spain,23,1997-07-25,Spanish Segunda DivisiÃ³n,191,82,1997,7,25,3
6265,Jaume Grau,"CDM, CM",69,Spain,24,1997-05-05,Spain Primera Division,184,78,1997,5,5,2
6267,Campuzano,"ST, CF",69,Spain,24,1997-05-31,Spanish Segunda DivisiÃ³n,174,72,1997,5,31,2
6271,VÃ­ctor Ruiz,"CAM, CM",69,Spain,27,1993-11-02,Swiss Super League,173,66,1993,11,2,4
6295,Ãlex Bermejo,"LM, ST",69,Spain,22,1998-12-11,Spanish Segunda DivisiÃ³n,183,76,1998,12,11,4
6319,Ismael Casas,"RB, RM, CB",69,Spain,20,2001-03-07,Spanish Segunda DivisiÃ³n,174,62,2001,3,7,1
6321,RamÃ³n EnrÃ­quez,"CM, CDM",69,Spain,20,2001-04-19,Spanish Segunda DivisiÃ³n,173,68,2001,4,19,2
6332,FrancÃ©s,CB,69,Spain,18,2002-08-01,Spanish Segunda DivisiÃ³n,180,70,2002,8,1,3
6358,RubÃ©n DÃ­ez,"RM, ST, CM",69,Spain,27,1993-08-18,Spanish Segunda DivisiÃ³n,166,62,1993,8,18,3
6363,Miguel Baeza,"LM, CAM, RM",69,Spain,21,2000-03-27,Spain Primera Division,177,76,2000,3,27,1
6374,Jofre Carreras,"RW, LW",69,Spain,20,2001-06-17,Spain Primera Division,175,70,2001,6,17,2
6384,Juan Iglesias,"RB, RM, LB",69,Spain,22,1998-07-03,Spain Primera Division,185,76,1998,7,3,3
6396,Carles Soria,RB,69,Spain,24,1996-10-08,Portuguese Liga ZON SAGRES,170,70,1996,10,8,4
6410,Seoane,"CDM, CM",68,Spain,38,1983-03-25,Spanish Segunda DivisiÃ³n,176,73,1983,3,25,1
6434,David FernÃ¡ndez,CB,68,Spain,36,1985-04-06,Spanish Segunda DivisiÃ³n,186,77,1985,4,6,2
6455,AdriÃ¡n GonzÃ¡lez,"CM, CAM",68,Spain,33,1988-05-25,Spanish Segunda DivisiÃ³n,184,75,1988,5,25,2
6488,Manu Barreiro,ST,68,Spain,34,1986-07-08,Spanish Segunda DivisiÃ³n,193,81,1986,7,8,3
6495,Laure,"RB, RWB, RM",68,Spain,36,1985-03-22,Spanish Segunda DivisiÃ³n,171,68,1985,3,22,1
6502,Edu Bedia,"CM, CAM",68,Spain,32,1989-03-23,Indian Super League,184,76,1989,3,23,1
6536,Javi Ros,CM,68,Spain,31,1990-02-16,Spanish Segunda DivisiÃ³n,173,68,1990,2,16,1
6552,Carlos Ruiz,CB,68,Spain,37,1983-07-20,Spanish Segunda DivisiÃ³n,183,80,1983,7,20,3
6608,Noguera,"CAM, RM",68,Spain,31,1989-09-24,Indian Super League,177,65,1989,9,24,3
6624,Cristian Herrera,"RM, ST, CAM",68,Spain,30,1991-03-13,Spanish Segunda DivisiÃ³n,181,76,1991,3,13,1
6642,Pablo IÃ±iguez,CB,68,Spain,27,1994-01-20,Spain Primera Division,184,73,1994,1,20,1
6695,Caye Quintana,"ST, CF",68,Spain,27,1993-12-20,Polish T-Mobile Ekstraklasa,180,74,1993,12,20,4
6696,Nono,"RM, LM",68,Spain,30,1991-05-28,Spanish Segunda DivisiÃ³n,170,70,1991,5,28,2
6773,Naranjo,"ST, LM",68,Spain,26,1994-07-28,Spanish Segunda DivisiÃ³n,186,80,1994,7,28,3
6774,Alberto,"CB, CDM",68,Spain,28,1992-11-15,Spanish Segunda DivisiÃ³n,186,78,1992,11,15,4
6819,Ãscar Whalley,GK,68,Spain,27,1994-03-29,Spanish Segunda DivisiÃ³n,190,82,1994,3,29,1
6843,David Goldar,CB,68,Spain,26,1994-09-15,Spanish Segunda DivisiÃ³n,182,77,1994,9,15,3
6846,Pleguezuelo,CB,68,Spain,24,1997-01-26,Holland Eredivisie,180,70,1997,1,26,1
6869,Eguaras,"CM, CDM",68,Spain,29,1992-03-07,Spanish Segunda DivisiÃ³n,181,77,1992,3,7,1
6883,Dani RamÃ­rez,CAM,68,Spain,29,1992-06-18,Polish T-Mobile Ekstraklasa,175,70,1992,6,18,2
6893,Cristo GonzÃ¡lez,ST,68,Spain,23,1997-10-14,Spanish Segunda DivisiÃ³n,178,69,1997,10,14,4
6898,Carlos Nieto,LB,68,Spain,25,1996-05-06,Spanish Segunda DivisiÃ³n,179,74,1996,5,6,2
6907,David Gil,GK,68,Spain,27,1994-01-11,Spain Primera Division,186,81,1994,1,11,1
6932,Jorge Ortiz,"LM, RM, ST",68,Spain,29,1992-04-25,Indian Super League,175,67,1992,4,25,2
6944,Christian Rivera,"CDM, CM",68,Spain,23,1997-07-09,Spanish Segunda DivisiÃ³n,193,89,1997,7,9,3
6947,Ãlex Corredera,"CAM, RM, CM",68,Spain,25,1996-03-19,Spanish Segunda DivisiÃ³n,178,72,1996,3,19,1
6964,Lucas Ahijado,"RB, LB",68,Spain,26,1995-01-30,Spanish Segunda DivisiÃ³n,173,67,1995,1,30,1
6984,Hugo Rama,"CM, LM, CAM",68,Spain,24,1996-11-22,Spanish Segunda DivisiÃ³n,177,75,1996,11,22,4
6987,Guruzeta,ST,68,Spain,24,1996-09-12,Spanish Segunda DivisiÃ³n,188,77,1996,9,12,3
6993,Joni Montiel,"CAM, CM",68,Spain,22,1998-09-03,Spanish Segunda DivisiÃ³n,173,67,1998,9,3,3
7021,Matos,"LB, LWB, LM",68,Spain,26,1995-05-06,Spanish Segunda DivisiÃ³n,166,61,1995,5,6,2
7027,Borja Lasso,CAM,68,Spain,27,1994-01-01,Spanish Segunda DivisiÃ³n,177,70,1994,1,1,1
7070,Pablo Larrea,"CDM, CM",68,Spain,27,1994-02-04,Spanish Segunda DivisiÃ³n,173,69,1994,2,4,1
7089,Marc Gual,"ST, LM",68,Spain,25,1996-03-13,Spanish Segunda DivisiÃ³n,186,73,1996,3,13,1
7121,Olabe,"CM, LM",68,Spain,25,1996-05-05,Spanish Segunda DivisiÃ³n,178,74,1996,5,5,2
7132,Dani Ojeda,"LM, RM, ST",68,Spain,26,1994-12-03,Spanish Segunda DivisiÃ³n,178,72,1994,12,3,4
7157,Javi Alonso,"CDM, CM",68,Spain,22,1998-08-01,Spanish Segunda DivisiÃ³n,183,75,1998,8,1,3
7162,Nacho MÃ©ndez,"CM, RM, CDM",68,Spain,23,1998-03-30,Spanish Segunda DivisiÃ³n,178,77,1998,3,30,1
7168,Miguel,ST,68,Spain,21,1999-09-03,Spain Primera Division,188,83,1999,9,3,3
7172,Fabio GonzÃ¡lez,"CDM, CM",68,Spain,24,1997-02-12,Spanish Segunda DivisiÃ³n,176,69,1997,2,12,1
7190,Pep Biel,"RW, CAM, CM",68,Spain,24,1996-09-05,Danish Superliga,167,64,1996,9,5,3
7213,Ãlex DomÃ­nguez,GK,68,Spain,22,1998-07-30,Spanish Segunda DivisiÃ³n,186,82,1998,7,30,3
7217,Josep MartÃ­nez,GK,68,Spain,23,1998-05-27,German 1. Bundesliga,191,78,1998,5,27,2
7220,Paris Adot,"RB, LB",68,Spain,31,1990-02-26,Spanish Segunda DivisiÃ³n,180,70,1990,2,26,1
7224,Borja GarcÃ©s,ST,68,Spain,21,1999-08-06,Spanish Segunda DivisiÃ³n,183,71,1999,8,6,3
7239,Jimmy,"CDM, CM",68,Spain,24,1996-12-31,Spanish Segunda DivisiÃ³n,170,68,1996,12,31,4
7246,Ãlex LÃ³pez,"CM, CDM, LM",68,Spain,24,1997-06-02,Spanish Segunda DivisiÃ³n,176,68,1997,6,2,2
7262,Cristian,"CM, RM, ST",68,Spain,25,1996-03-15,Spanish Segunda DivisiÃ³n,181,70,1996,3,15,1
7267,AvilÃ©s,"RM, LM",68,Spain,23,1997-08-17,Spanish Segunda DivisiÃ³n,180,72,1997,8,17,3
7268,JoaquÃ­n,"RM, LM, RW",68,Spain,22,1999-03-10,Spanish Segunda DivisiÃ³n,172,67,1999,3,10,1
7270,Valery,"RM, LM, RB",68,Spain,21,1999-11-23,Spanish Segunda DivisiÃ³n,182,75,1999,11,23,4
7306,Paulino,"RM, LM",68,Spain,24,1997-06-27,Spanish Segunda DivisiÃ³n,181,70,1997,6,27,2
7323,Joan FemenÃ­as,GK,68,Spain,24,1996-08-19,Spanish Segunda DivisiÃ³n,183,79,1996,8,19,3
7338,Bermejo,"RM, CAM",68,Spain,23,1997-08-17,Spanish Segunda DivisiÃ³n,170,68,1997,8,17,3
7357,AntoÃ±Ã­n,"ST, LM, RM",68,Spain,21,2000-04-16,Spanish Segunda DivisiÃ³n,182,71,2000,4,16,2
7358,Cristo Romero,"LB, LM, LWB",68,Spain,21,2000-04-30,Spanish Segunda DivisiÃ³n,173,62,2000,4,30,2
7384,Nico GonzÃ¡lez,"CM, CAM",68,Spain,19,2002-01-03,Spain Primera Division,188,86,2002,1,3,1
7388,Juande,"CB, CDM",68,Spain,21,1999-07-07,Spanish Segunda DivisiÃ³n,185,78,1999,7,7,3
7393,Barbero,ST,68,Spain,22,1998-08-17,Spain Primera Division,186,78,1998,8,17,3
7415,Pablo Moreno,"ST, LM",68,Spain,19,2002-05-03,Spanish Segunda DivisiÃ³n,174,73,2002,5,3,2
7421,Pep ChavarrÃ­a,"LB, LM",68,Spain,23,1998-04-10,Spanish Segunda DivisiÃ³n,174,72,1998,4,10,2
7427,JosÃ© FontÃ¡n,"LB, CB",68,Spain,21,2000-02-11,Spain Primera Division,185,76,2000,2,11,1
7430,IvÃ¡n AzÃ³n,ST,68,Spain,18,2002-12-24,Spanish Segunda DivisiÃ³n,182,78,2002,12,24,4
7453,Ezkurdia,"LB, CB",68,Spain,22,1999-01-04,Spanish Segunda DivisiÃ³n,180,71,1999,1,4,1
7481,Juande,"CDM, CM",67,Spain,34,1986-08-12,Australian Hyundai A-League,185,74,1986,8,12,3
7502,BolaÃ±o,"CB, LB",67,Spain,35,1985-10-15,Spanish Segunda DivisiÃ³n,182,77,1985,10,15,4
7504,De la Bella,LB,67,Spain,35,1985-12-02,Spanish Segunda DivisiÃ³n,182,79,1985,12,2,4
7516,BellvÃ­s,"LB, LWB, LM",67,Spain,36,1985-04-24,Spanish Segunda DivisiÃ³n,170,65,1985,4,24,2
7585,OrtuÃ±o,ST,67,Spain,30,1991-01-21,Spanish Segunda DivisiÃ³n,184,77,1991,1,21,1
7614,David Mateos,CB,67,Spain,34,1987-04-22,Liga de FÃºtbol Profesional Boliviano,191,82,1987,4,22,2
7628,Joselu,"ST, CAM",67,Spain,30,1991-03-03,Spanish Segunda DivisiÃ³n,170,69,1991,3,3,1
7629,Fran GarcÃ­a,LB,67,Spain,28,1992-12-07,Spanish Segunda DivisiÃ³n,170,70,1992,12,7,4
7649,Alex PÃ©rez,CB,67,Spain,29,1991-08-11,Spanish Segunda DivisiÃ³n,191,88,1991,8,11,3
7650,Manu Molina,"CM, CDM, CAM",67,Spain,29,1991-11-20,Spanish Segunda DivisiÃ³n,178,72,1991,11,20,4
7652,Ãlvaro VÃ¡zquez,"ST, LM",67,Spain,30,1991-04-27,Indian Super League,182,79,1991,4,27,2
7712,Alex GorrÃ­n,CDM,67,Spain,27,1993-08-01,English League One,184,78,1993,8,1,3
7767,Israel Puerto,CB,67,Spain,28,1993-06-15,Polish T-Mobile Ekstraklasa,187,75,1993,6,15,2
7788,GermÃ¡n ParreÃ±o,GK,67,Spain,28,1993-02-16,Spanish Segunda DivisiÃ³n,189,78,1993,2,16,1
7796,Dani Quintana,"CAM, RM, LM",67,Spain,34,1987-03-08,Polish T-Mobile Ekstraklasa,173,65,1987,3,8,1
7833,Carlos GutiÃ©rrez,CB,67,Spain,29,1991-11-04,Japanese J. League Division 1,192,82,1991,11,4,4
7839,Maikel Mesa,"CDM, CAM, CM",67,Spain,30,1991-05-03,Spanish Segunda DivisiÃ³n,186,82,1991,5,3,2
7845,Aitor Arregi,CB,67,Spain,31,1990-05-19,Spanish Segunda DivisiÃ³n,182,80,1990,5,19,2
7872,Alex AlegrÃ­a,ST,67,Spain,28,1992-10-10,Spanish Segunda DivisiÃ³n,188,84,1992,10,10,4
7885,Dani Romera,"ST, CAM",67,Spain,25,1995-08-23,Spanish Segunda DivisiÃ³n,175,72,1995,8,23,3
7895,Juanma GarcÃ­a,"ST, CAM, RM",67,Spain,28,1993-02-20,Spanish Segunda DivisiÃ³n,167,62,1993,2,20,1
7912,Pablo PÃ©rez,"CAM, ST, LM",67,Spain,27,1993-08-02,Spanish Segunda DivisiÃ³n,188,82,1993,8,2,3
7915,JosÃ© LeÃ³n,CB,67,Spain,26,1995-02-03,Spanish Segunda DivisiÃ³n,185,82,1995,2,3,1
7932,IvÃ¡n Calero,"RB, RM, LM",67,Spain,26,1995-04-21,Spanish Segunda DivisiÃ³n,174,70,1995,4,21,2
7950,Kuki Zalazar,"CAM, RM, ST",67,Spain,23,1998-05-05,Spanish Segunda DivisiÃ³n,176,78,1998,5,5,2
7980,Josep SeÃ±Ã©,"CM, CDM, CAM",67,Spain,29,1991-12-10,Spanish Segunda DivisiÃ³n,186,79,1991,12,10,4
7999,Jano,"CB, CDM, CM",67,Spain,34,1986-12-23,Spanish Segunda DivisiÃ³n,187,81,1986,12,23,4
8007,Undabarrena,"CM, CDM",67,Spain,26,1995-05-18,Portuguese Liga ZON SAGRES,182,76,1995,5,18,2
8016,Olaetxea,"CAM, ST, RM",67,Spain,28,1993-04-12,Spanish Segunda DivisiÃ³n,179,75,1993,4,12,2
8060,Dalmau,ST,67,Spain,27,1994-03-23,Holland Eredivisie,182,74,1994,3,23,1
8128,Viti Rozada,"RM, LM",67,Spain,23,1997-09-16,Spanish Segunda DivisiÃ³n,170,64,1997,9,16,3
8141,RatÃ³n,GK,67,Spain,28,1993-03-20,Spanish Segunda DivisiÃ³n,192,84,1993,3,20,1
8148,Alfonso Herrero,GK,67,Spain,27,1994-04-21,Spanish Segunda DivisiÃ³n,183,83,1994,4,21,2
8173,Pol ValentÃ­n,"RB, RM, LB",67,Spain,24,1997-02-21,Spanish Segunda DivisiÃ³n,178,73,1997,2,21,1
8175,AdriÃ¡n DiÃ©guez,"CB, CDM",67,Spain,25,1996-02-04,Spanish Segunda DivisiÃ³n,187,78,1996,2,4,1
8188,Erik ExpÃ³sito,ST,67,Spain,25,1996-06-23,Polish T-Mobile Ekstraklasa,190,83,1996,6,23,2
8217,Tachi,"CB, RB",67,Spain,23,1997-09-10,Spain Primera Division,184,82,1997,9,10,3
8218,Luis Perea,"CDM, CM",67,Spain,23,1997-08-25,Spanish Segunda DivisiÃ³n,191,83,1997,8,25,3
8230,DelmÃ¡s,RB,67,Spain,26,1995-04-20,Spanish Segunda DivisiÃ³n,173,61,1995,4,20,2
8236,Oriol Busquets,CDM,67,Spain,22,1999-01-20,French Ligue 1,185,77,1999,1,20,1
8243,Areso,RB,67,Spain,21,1999-07-02,Spain Primera Division,182,81,1999,7,2,3
8266,Berrocal,CB,67,Spain,21,1999-12-05,Spanish Segunda DivisiÃ³n,187,72,1999,12,5,4
8267,Javi PÃ©rez,"CM, CDM",67,Spain,25,1995-08-14,Spanish Segunda DivisiÃ³n,184,74,1995,8,14,3
8274,Cristian Rivero,GK,67,Spain,23,1998-03-21,Spain Primera Division,188,75,1998,3,21,1
8286,Chumi,CB,67,Spain,22,1999-03-02,Spanish Segunda DivisiÃ³n,186,78,1999,3,2,1
8309,San RomÃ¡n,GK,67,Spain,23,1997-07-14,Spanish Segunda DivisiÃ³n,189,79,1997,7,14,3
8315,Ãlex Collado,"RW, CM",67,Spain,22,1999-04-22,Spain Primera Division,177,66,1999,4,22,2
8323,Zubiaurre,GK,67,Spain,24,1996-12-04,Spanish Segunda DivisiÃ³n,190,80,1996,12,4,4
8354,Clemente,"CB, LB",67,Spain,22,1999-03-04,Spanish Segunda DivisiÃ³n,184,79,1999,3,4,1
8357,Carlos Mendes Gomes,"LW, LM",67,Spain,22,1998-11-14,English League Championship,178,66,1998,11,14,4
8375,Juan HernÃ¡ndez,"LM, CM, ST",67,Spain,26,1994-12-06,Spanish Segunda DivisiÃ³n,186,75,1994,12,6,4
8376,Sergio LÃ³pez,RB,67,Spain,22,1999-04-08,Swiss Super League,179,69,1999,4,8,2
8379,Edu Espiau,ST,67,Spain,26,1994-12-19,Spanish Segunda DivisiÃ³n,185,84,1994,12,19,4
8386,Sergio GÃ³nzalez,"CDM, CB",67,Spain,24,1997-05-14,Spanish Segunda DivisiÃ³n,184,70,1997,5,14,2
8391,Salva Ferrer,"RB, CB",67,Spain,23,1998-01-21,Italian Serie A,184,73,1998,1,21,1
8398,Hugo Vallejo,"LM, RM",67,Spain,21,2000-02-15,Spanish Segunda DivisiÃ³n,185,80,2000,2,15,1
8439,Kirian,"CM, LM, CAM",67,Spain,25,1996-03-05,Spanish Segunda DivisiÃ³n,180,73,1996,3,5,1
8451,Alex SuÃ¡rez,"CB, RB",67,Spain,28,1993-03-10,Spanish Segunda DivisiÃ³n,177,74,1993,3,10,1
8461,Riki,"CAM, CM",67,Spain,23,1997-09-25,Spanish Segunda DivisiÃ³n,175,70,1997,9,25,3
8464,Odei,CB,67,Spain,31,1989-12-07,Spanish Segunda DivisiÃ³n,180,71,1989,12,7,4
8470,SimÃ³n Moreno,"ST, RW",67,Spain,23,1997-07-02,Spanish Segunda DivisiÃ³n,174,73,1997,7,2,3
8488,Ernesto,"RM, LM",67,Spain,26,1994-07-18,Spanish Segunda DivisiÃ³n,173,65,1994,7,18,3
8491,Iker Losada,"ST, RW",67,Spain,19,2001-08-01,Spain Primera Division,175,70,2001,8,1,3
8493,Robert Navarro,"CAM, LW",67,Spain,19,2002-04-12,Spain Primera Division,178,75,2002,4,12,2
8500,RaÃºl GarcÃ­a,ST,67,Spain,20,2000-11-03,Spain Primera Division,191,69,2000,11,3,4
8501,Sergio Castel,ST,67,Spain,26,1995-02-22,Spanish Segunda DivisiÃ³n,188,90,1995,2,22,1
8503,Bruno Pascua,"RW, RM",67,Spain,31,1990-01-21,Liga de FÃºtbol Profesional Boliviano,175,60,1990,1,21,1
8513,Belman,GK,67,Spain,22,1998-10-04,Spanish Segunda DivisiÃ³n,184,84,1998,10,4,4
8520,Jorge Padilla,"ST, CAM",67,Spain,20,2001-04-23,Spain Primera Division,175,66,2001,4,23,2
8531,Atienza,"CM, CDM",67,Spain,22,1999-05-27,Spanish Segunda DivisiÃ³n,186,77,1999,5,27,2
8553,Guille Rosas,RB,67,Spain,21,2000-05-17,Spanish Segunda DivisiÃ³n,174,67,2000,5,17,2
8561,Francho Serrano,"CM, CDM, CAM",67,Spain,19,2001-10-17,Spanish Segunda DivisiÃ³n,177,72,2001,10,17,4
8563,Nico Williams,"RW, LW",67,Spain,18,2002-07-12,Spain Primera Division,181,67,2002,7,12,3
8567,Gaspar Campos,"LM, RM, CAM",67,Spain,21,2000-03-27,Spanish Segunda DivisiÃ³n,175,73,2000,3,27,1
8578,Alex Baena,"LM, RM, CM",67,Spain,19,2001-07-20,Spanish Segunda DivisiÃ³n,174,69,2001,7,20,3
8594,Pablo GarcÃ­a,LB,67,Spain,21,2000-06-05,Spanish Segunda DivisiÃ³n,177,72,2000,6,5,2
8596,Marvin,"RW, RM, RB",67,Spain,21,2000-03-07,Spain Primera Division,178,63,2000,3,7,1
8597,Arnau Tenas,GK,67,Spain,20,2001-05-30,Spain Primera Division,185,85,2001,5,30,2
8599,VÃ­ctor Chust,CB,67,Spain,21,2000-03-05,Spain Primera Division,184,76,2000,3,5,1
8603,Ayesa,GK,67,Spain,20,2001-04-02,Spanish Segunda DivisiÃ³n,182,79,2001,4,2,2
8605,Joan GarcÃ­a,GK,67,Spain,20,2001-05-04,Spain Primera Division,192,77,2001,5,4,2
8641,Davo,"RM, ST, LM",67,Spain,26,1994-12-18,Spanish Segunda DivisiÃ³n,178,71,1994,12,18,4
8648,Ãlex Petxa,"RB, CDM",67,Spain,24,1997-02-06,Spain Primera Division,178,67,1997,2,6,1
8658,Chapela,"RW, RM, LW",67,Spain,22,1999-05-21,Spain Primera Division,181,73,1999,5,21,2
8666,Moleiro,"CAM, ST",67,Spain,17,2003-09-30,Spanish Segunda DivisiÃ³n,169,67,2003,9,30,3
8678,Zapater,CM,66,Spain,36,1985-06-13,Spanish Segunda DivisiÃ³n,180,80,1985,6,13,2
8688,Sastre,"CM, CDM",66,Spain,35,1986-03-26,Spanish Segunda DivisiÃ³n,175,72,1986,3,26,1
8771,HÃ©ctor Rodas,CB,66,Spain,33,1988-03-07,Indian Super League,190,85,1988,3,7,1
8782,Javi Lara,"CM, LM, CAM",66,Spain,35,1985-12-04,Spanish Segunda DivisiÃ³n,179,73,1985,12,4,4
8840,Campabadal,RB,66,Spain,28,1993-01-26,Spanish Segunda DivisiÃ³n,176,76,1993,1,26,1
8853,HernÃ¡n,"CB, CDM",66,Spain,30,1990-08-26,Indian Super League,181,73,1990,8,26,3
8884,Guillermo,ST,66,Spain,28,1993-05-23,Spanish Segunda DivisiÃ³n,181,74,1993,5,23,2
8944,Alex Vallejo,"CDM, CM, CB",66,Spain,29,1992-01-16,English League Championship,191,72,1992,1,16,1
8949,Carlos HernÃ¡ndez,CB,66,Spain,30,1990-09-15,Spanish Segunda DivisiÃ³n,185,80,1990,9,15,3
8995,Juanma,ST,66,Spain,30,1990-11-17,Japanese J. League Division 1,189,79,1990,11,17,4
9029,Rufo,"CAM, ST",66,Spain,28,1993-01-13,Danish Superliga,175,73,1993,1,13,1
9077,Agus Medina,"CDM, CM, RB",66,Spain,26,1994-09-08,Spanish Segunda DivisiÃ³n,176,72,1994,9,8,3
9084,JosÃ© SuÃ¡rez,GK,66,Spain,25,1995-12-18,Spanish Segunda DivisiÃ³n,187,85,1995,12,18,4
9104,Grego Sierra,"CB, CDM",66,Spain,28,1993-03-05,Spanish Segunda DivisiÃ³n,184,74,1993,3,5,1
9107,Ezkieta,GK,66,Spain,24,1996-08-17,Spain Primera Division,193,80,1996,8,17,3
9120,VÃ­ctor GarcÃ­a,"LWB, LB, LM",66,Spain,27,1994-05-31,Polish T-Mobile Ekstraklasa,180,75,1994,5,31,2
9161,Mayoral,"CAM, RM",66,Spain,24,1997-04-05,Spanish Segunda DivisiÃ³n,172,71,1997,4,5,2
9189,Ian GonzÃ¡lez,ST,66,Spain,28,1993-02-11,Mexican Liga MX,193,87,1993,2,11,1
9195,Adri Castellano,"CB, LB",66,Spain,27,1994-06-26,Spanish Segunda DivisiÃ³n,180,73,1994,6,26,2
9238,IvÃ¡n GonzÃ¡lez,"CB, RB",66,Spain,31,1990-02-02,Indian Super League,181,73,1990,2,2,1
9253,Elgezabal,"CB, CDM",66,Spain,28,1993-04-25,Spanish Segunda DivisiÃ³n,185,74,1993,4,25,2
9321,Arribas,"LM, ST, RM",66,Spain,22,1998-10-28,Spanish Segunda DivisiÃ³n,183,68,1998,10,28,4
9323,Ãlex MartÃ­n,"CB, RB",66,Spain,23,1998-01-25,Spain Primera Division,182,78,1998,1,25,1
9423,JosÃ© Lara,"RM, LM",66,Spain,21,2000-03-07,Spain Primera Division,162,60,2000,3,7,1
9424,Genaro,"CDM, CB",66,Spain,23,1998-03-23,Spanish Segunda DivisiÃ³n,184,76,1998,3,23,1
9425,Dani Escriche,"ST, RM, CAM",66,Spain,23,1998-03-24,Spanish Segunda DivisiÃ³n,178,75,1998,3,24,1
9428,Kike Hermoso,CB,66,Spain,21,1999-08-10,Spain Primera Division,190,76,1999,8,10,3
9439,Brugui,"LM, RM, ST",66,Spain,24,1996-11-04,Spanish Segunda DivisiÃ³n,174,68,1996,11,4,4
9471,Ãlvaro GarcÃ­a,CB,66,Spain,21,2000-06-01,Spain Primera Division,184,77,2000,6,1,2
9473,Pablo MartÃ­nez,"LM, CAM, CM",66,Spain,23,1998-02-22,Spain Primera Division,182,74,1998,2,22,1
9480,AndÃºjar,CB,66,Spain,29,1991-08-21,Spanish Segunda DivisiÃ³n,189,79,1991,8,21,3
9510,Juan Ibiza,CB,66,Spain,25,1995-08-17,Spanish Segunda DivisiÃ³n,187,78,1995,8,17,3
9518,Miguel Morro,GK,66,Spain,20,2000-09-11,Spanish Segunda DivisiÃ³n,193,79,2000,9,11,3
9579,Sergio Camello,ST,66,Spain,20,2001-02-10,Spanish Segunda DivisiÃ³n,177,69,2001,2,10,1
9592,Larrazabal,"RM, RB, RWB",66,Spain,23,1997-12-17,Spanish Segunda DivisiÃ³n,180,78,1997,12,17,4
9609,Berto,"LM, ST",66,Spain,23,1998-04-02,Spanish Segunda DivisiÃ³n,172,70,1998,4,2,2
9613,SaÃºl Crespo,"CDM, CM",66,Spain,24,1996-07-23,Spanish Segunda DivisiÃ³n,186,79,1996,7,23,3
9616,Riquelme,"RM, LM",66,Spain,21,2000-04-02,Spanish Segunda DivisiÃ³n,174,66,2000,4,2,2
9661,Valera,"RM, LM, CAM",66,Spain,19,2002-03-16,Spanish Segunda DivisiÃ³n,170,68,2002,3,16,1
9669,Lobete,"ST, LM",66,Spain,20,2000-09-18,Spanish Segunda DivisiÃ³n,178,70,2000,9,18,3
9696,Iago LÃ³pez,"RB, LB",66,Spain,22,1999-04-06,Spanish Segunda DivisiÃ³n,177,66,1999,4,6,2
9709,MartÃ­n CalderÃ³n,CM,66,Spain,22,1999-03-01,Spain Primera Division,183,77,1999,3,1,1
9713,Quintana,"CDM, CB",66,Spain,19,2001-10-05,Spanish Segunda DivisiÃ³n,186,74,2001,10,5,4
9714,Larrubia,CAM,66,Spain,19,2002-04-20,Spanish Segunda DivisiÃ³n,172,59,2002,4,20,2
9719,Meseguer,"CM, CDM",66,Spain,22,1999-06-09,Spanish Segunda DivisiÃ³n,184,76,1999,6,9,2
9730,Terrats,"CDM, CM",66,Spain,20,2000-10-18,Spanish Segunda DivisiÃ³n,180,75,2000,10,18,4
9744,JesÃºs VÃ¡zquez,"LB, LWB",66,Spain,18,2003-01-02,Spain Primera Division,182,77,2003,1,2,1
9757,Arnau MartÃ­nez,"CB, RB, LB",66,Spain,18,2003-04-25,Spanish Segunda DivisiÃ³n,181,75,2003,4,25,2
9770,Miguel,LB,66,Spain,19,2001-07-27,Spain Primera Division,180,73,2001,7,27,3
9773,Carlos DomÃ­nguez,"CB, LB",66,Spain,20,2001-02-11,Spain Primera Division,187,71,2001,2,11,1
9775,RubÃ©n,"CB, LB",66,Spain,26,1994-09-07,Spanish Segunda DivisiÃ³n,184,75,1994,9,7,3
9779,Iker SeguÃ­n,"LM, LWB",66,Spain,31,1989-07-12,Spanish Segunda DivisiÃ³n,183,71,1989,7,12,3
9780,Olasagasti,"CDM, CM, CB",66,Spain,20,2000-08-16,Spanish Segunda DivisiÃ³n,176,74,2000,8,16,3
9786,Ros,"CB, CDM",66,Spain,25,1996-03-15,Spanish Segunda DivisiÃ³n,188,76,1996,3,15,1
9793,Ãlex Balde,"LB, LM",66,Spain,17,2003-10-18,Spain Primera Division,175,69,2003,10,18,4
9795,BeÃ±at Prados,CM,66,Spain,20,2001-02-08,Spain Primera Division,180,72,2001,2,8,1
9800,Gavi,CM,66,Spain,16,2004-08-05,Spain Primera Division,173,68,2004,8,5,3
9812,Saizar,GK,65,Spain,38,1983-01-18,Spanish Segunda DivisiÃ³n,190,84,1983,1,18,1
9847,Canella,"LB, LWB",65,Spain,33,1988-02-07,Spanish Segunda DivisiÃ³n,180,70,1988,2,7,1
9876,Juanan,CB,65,Spain,34,1987-04-27,Indian Super League,192,90,1987,4,27,2
9881,Mossa,LB,65,Spain,32,1989-01-24,Spanish Segunda DivisiÃ³n,178,66,1989,1,24,1
9903,AdriÃ¡n Sardinero,"ST, RW",65,Spain,30,1990-10-13,Australian Hyundai A-League,175,60,1990,10,13,4
9921,Aguilera,"CDM, CM",65,Spain,35,1985-09-13,Spanish Segunda DivisiÃ³n,185,77,1985,9,13,3
9926,Fran Grima,"RB, RM",65,Spain,34,1987-02-05,Spanish Segunda DivisiÃ³n,174,70,1987,2,5,1
9942,Marc MartÃ­nez,GK,65,Spain,31,1990-05-04,Spanish Segunda DivisiÃ³n,186,72,1990,5,4,2
9959,Javi HernÃ¡ndez,"CM, LM",65,Spain,32,1989-06-06,Indian Super League,184,79,1989,6,6,2
9985,David SimÃ³n,RB,65,Spain,31,1989-12-31,Spanish Segunda DivisiÃ³n,179,76,1989,12,31,4
10007,JeftÃ©,ST,65,Spain,27,1993-07-06,Romanian Liga I,186,79,1993,7,6,3
10168,Carrillo,ST,65,Spain,27,1994-01-07,Spanish Segunda DivisiÃ³n,181,82,1994,1,7,1
10170,Sergio,CB,65,Spain,29,1992-04-20,Spanish Segunda DivisiÃ³n,186,67,1992,4,20,2
10239,Arturo Molina,"CAM, CM, RM",65,Spain,25,1995-08-16,Spanish Segunda DivisiÃ³n,183,75,1995,8,16,3
10287,Diego Alende,"CB, RB",65,Spain,23,1997-08-25,Spanish Segunda DivisiÃ³n,180,76,1997,8,25,3
10293,Camus,"RB, CB",65,Spain,24,1997-04-19,Spain Primera Division,176,73,1997,4,19,2
10299,Dani SuÃ¡rez,CB,65,Spain,31,1990-05-07,Saudi Abdul L. Jameel League,189,86,1990,5,7,2
10302,Ozkoidi,"LM, LWB",65,Spain,31,1990-04-23,Spanish Segunda DivisiÃ³n,170,62,1990,4,23,2
10303,Morillas,"LB, CB",65,Spain,34,1986-09-28,Spanish Segunda DivisiÃ³n,186,75,1986,9,28,3
10320,MÃ­chel Zabaco,"CB, LB",65,Spain,32,1989-02-06,Spanish Segunda DivisiÃ³n,185,77,1989,2,6,1
10421,RaÃºl Navarro,"RB, CB, RM",65,Spain,27,1994-02-07,Spanish Segunda DivisiÃ³n,174,66,1994,2,7,1
10437,Rafa MÃºjica,"ST, RM, LM",65,Spain,22,1998-10-29,Spanish Segunda DivisiÃ³n,185,70,1998,10,29,4
10448,Javi DÃ­az,GK,65,Spain,24,1997-05-15,Spain Primera Division,182,75,1997,5,15,2
10468,DarÃ­o Poveda,ST,65,Spain,24,1997-03-13,Spain Primera Division,185,75,1997,3,13,1
10565,Mario HernÃ¡ndez,"RB, CB",65,Spain,22,1999-01-25,Spain Primera Division,178,69,1999,1,25,1
10576,Chris Ramos,"LM, ST, RM",65,Spain,24,1997-01-18,Spanish Segunda DivisiÃ³n,193,80,1997,1,18,1
10582,Oriol Rey,CDM,65,Spain,23,1998-02-25,Spanish Segunda DivisiÃ³n,180,71,1998,2,25,1
10585,Arnau Puigmal,CM,65,Spain,20,2001-01-10,Spanish Segunda DivisiÃ³n,173,65,2001,1,10,1
10611,Carlos Isaac,"RB, RM",65,Spain,23,1998-04-30,Spanish Segunda DivisiÃ³n,184,74,1998,4,30,2
10612,Manu Hernando,CB,65,Spain,22,1998-07-19,Portuguese Liga ZON SAGRES,183,70,1998,7,19,3
10622,Miguel Rubio,CB,65,Spain,23,1998-03-11,Spanish Segunda DivisiÃ³n,191,86,1998,3,11,1
10627,Juan Cruz,"LM, CAM, RM",65,Spain,21,2000-04-25,Spain Primera Division,177,72,2000,4,25,2
10670,MartÃ­n,"CB, CDM",65,Spain,21,1999-08-04,Spain Primera Division,190,78,1999,8,4,3
10671,Sergio Moreno,ST,65,Spain,22,1999-01-01,Spain Primera Division,178,75,1999,1,1,1
10721,Altube,GK,65,Spain,21,2000-02-22,Spanish Segunda DivisiÃ³n,188,87,2000,2,22,1
10755,Berto Cayarga,"LM, RM",65,Spain,24,1996-09-17,Spanish Segunda DivisiÃ³n,170,63,1996,9,17,3
10795,Ismael,"CM, CDM",65,Spain,20,2000-08-07,Spanish Segunda DivisiÃ³n,176,74,2000,8,7,3
10806,Borja Sainz,"RM, CAM",65,Spain,20,2001-02-01,Spanish Segunda DivisiÃ³n,178,75,2001,2,1,1
10845,Arambarri,CB,65,Spain,23,1998-01-31,Spanish Segunda DivisiÃ³n,186,76,1998,1,31,1
10857,Sotillos,"CB, RB, LB",65,Spain,23,1998-01-28,Spanish Segunda DivisiÃ³n,180,72,1998,1,28,1
10878,Pablo GozÃ¡lbez,"CAM, CF",65,Spain,20,2001-04-30,Spain Primera Division,170,65,2001,4,30,2
10885,Javi Castro,CB,65,Spain,20,2000-09-13,Spain Primera Division,183,75,2000,9,13,3
10892,Ricard,"RB, RM",65,Spain,21,2000-02-22,Spanish Segunda DivisiÃ³n,175,68,2000,2,22,1
10896,Pacheco,CB,65,Spain,20,2001-01-08,Spain Primera Division,184,77,2001,1,8,1
10897,Julio MartÃ­nez,"ST, CAM",65,Spain,20,2000-11-02,Spanish Segunda DivisiÃ³n,178,70,2000,11,2,4
10899,Javi LÃ³pez,LB,65,Spain,19,2002-03-25,Spain Primera Division,183,75,2002,3,25,1
10940,Leo RomÃ¡n,GK,65,Spain,21,2000-07-01,Spain Primera Division,185,78,2000,7,1,3
10943,Diego Conde,GK,65,Spain,22,1998-10-28,Spain Primera Division,187,83,1998,10,28,4
10944,Cedric TeguÃ­a,LM,65,Spain,19,2001-10-01,Spain Primera Division,180,74,2001,10,1,4
10947,IvÃ¡n Bravo,LB,65,Spain,20,2001-01-20,Spain Primera Division,181,64,2001,1,20,1
10948,BenÃ­tez,"RB, LB",65,Spain,21,2000-05-15,Spanish Segunda DivisiÃ³n,169,55,2000,5,15,2
10954,Arribas,"CAM, RM, LM",65,Spain,19,2001-09-30,Spain Primera Division,173,66,2001,9,30,3
10978,Alex MillÃ¡n,ST,65,Spain,21,1999-11-07,Belgian Jupiler Pro League,182,74,1999,11,7,4
11011,Ekain,"ST, CAM",65,Spain,27,1994-04-29,Spanish Segunda DivisiÃ³n,179,72,1994,4,29,2
11022,Turrientes,"CM, CAM, CDM",65,Spain,19,2002-01-31,Spanish Segunda DivisiÃ³n,172,68,2002,1,31,1
11023,Karrikaburu,ST,65,Spain,18,2002-09-19,Spanish Segunda DivisiÃ³n,180,75,2002,9,19,3
11039,Copete,CB,65,Spain,21,1999-10-10,Spanish Segunda DivisiÃ³n,192,73,1999,10,10,4
11065,Mikel Ãlvaro,"CM, RM, LM",64,Spain,38,1982-12-20,Spanish Segunda DivisiÃ³n,176,70,1982,12,20,4
11108,Iriome,"RM, RW, RB",64,Spain,34,1987-06-22,Spanish Segunda DivisiÃ³n,185,79,1987,6,22,2
11142,Aimar,"CB, RB",64,Spain,36,1984-07-05,Spanish Segunda DivisiÃ³n,179,73,1984,7,5,3
11326,Ãscar Gil,CB,64,Spain,26,1995-06-14,Spanish Segunda DivisiÃ³n,184,75,1995,6,14,2
11331,Ãlvaro PeÃ±a,"CAM, ST, LM",64,Spain,29,1991-10-24,Spanish Segunda DivisiÃ³n,178,69,1991,10,24,4
11343,IvÃ¡n MÃ¡rquez,CB,64,Spain,27,1994-06-09,Holland Eredivisie,191,80,1994,6,9,2
11376,JosÃ© Carlos,"CB, LB",64,Spain,25,1996-05-10,Spanish Segunda DivisiÃ³n,182,74,1996,5,10,2
11386,F. Palacios MartÃ­nez,"CAM, ST",64,Spain,26,1995-04-09,German 3. Bundesliga,170,69,1995,4,9,2
11439,ClaverÃ­a,"CM, CDM",64,Spain,25,1996-04-01,Spanish Segunda DivisiÃ³n,180,75,1996,4,1,2
11486,Ãscar Pinchi,"ST, RM, LM",64,Spain,25,1996-06-17,Spanish Segunda DivisiÃ³n,171,62,1996,6,17,2
11497,Nacho Gil,"LM, RM, CM",64,Spain,25,1995-09-09,Spanish Segunda DivisiÃ³n,168,63,1995,9,9,3
11570,Juanpe,"CM, CDM, CAM",64,Spain,25,1996-01-31,Spanish Segunda DivisiÃ³n,184,77,1996,1,31,1
11585,Carbonell,"CM, CDM",64,Spain,23,1997-09-15,Spain Primera Division,182,73,1997,9,15,3
11602,Pablo VÃ¡zquez,CB,64,Spain,26,1994-10-07,Spanish Segunda DivisiÃ³n,185,82,1994,10,7,4
11610,Alvaro RodrÃ­guez,RB,64,Spain,26,1994-07-22,Spanish Segunda DivisiÃ³n,181,75,1994,7,22,3
11663,Raul Asencio,ST,64,Spain,23,1998-05-20,Spanish Segunda DivisiÃ³n,187,78,1998,5,20,2
11667,Claudio Medina,ST,64,Spain,27,1993-09-04,Spanish Segunda DivisiÃ³n,186,82,1993,9,4,3
11742,David Alba,CB,64,Spain,22,1999-05-05,Spanish Segunda DivisiÃ³n,178,70,1999,5,5,2
11747,Fran Vieites,GK,64,Spain,22,1999-05-07,Spanish Segunda DivisiÃ³n,196,88,1999,5,7,2
11788,De La Fuente,CB,64,Spain,22,1999-02-26,Spain Primera Division,179,78,1999,2,26,1
11850,Apa,"RB, RM",64,Spain,21,2000-03-08,Spanish Segunda DivisiÃ³n,170,62,2000,3,8,1
11865,Tiri,CB,64,Spain,29,1991-07-14,Indian Super League,186,84,1991,7,14,3
11907,Javi GÃ³mez,"LM, CAM, RM",64,Spain,22,1999-01-10,Spain Primera Division,178,66,1999,1,10,1
11964,Migue,"RB, RM",64,Spain,24,1997-02-01,Spain Primera Division,176,68,1997,2,1,1
11984,Pepe SÃ¡nchez,"RB, CB, CDM",64,Spain,21,2000-03-02,Spain Primera Division,183,75,2000,3,2,1
11985,Marc Echarri,ST,64,Spain,22,1999-03-01,Spanish Segunda DivisiÃ³n,190,78,1999,3,1,1
11996,Ãscar Clemente,"CAM, LM, RM",64,Spain,22,1999-03-26,Spanish Segunda DivisiÃ³n,175,67,1999,3,26,1
12016,Ricard Pujol,"CB, LB",64,Spain,23,1998-03-04,Spanish Segunda DivisiÃ³n,185,73,1998,3,4,1
12018,Alkain,"RM, CAM",64,Spain,24,1997-06-26,Spanish Segunda DivisiÃ³n,174,69,1997,6,26,2
12033,Javi Cueto,ST,64,Spain,20,2001-01-11,Spanish Segunda DivisiÃ³n,184,75,2001,1,11,1
12043,Fran GonzÃ¡lez,CB,64,Spain,22,1998-08-13,Spain Primera Division,188,81,1998,8,13,3
12071,Toni Herrero,LB,64,Spain,20,2001-05-12,Spain Primera Division,178,74,2001,5,12,2
12072,Ãlex Blesa,"CM, CDM",64,Spain,19,2002-01-15,Spain Primera Division,180,72,2002,1,15,1
12077,Gorostidi,"CM, CDM",64,Spain,25,1996-02-23,Spanish Segunda DivisiÃ³n,185,74,1996,2,23,1
12081,Juanma Bravo,"CM, CDM, CAM",64,Spain,23,1998-02-10,Spanish Segunda DivisiÃ³n,188,74,1998,2,10,1
12086,RubÃ©n Pulido,"CB, LB",64,Spain,20,2000-09-02,Spanish Segunda DivisiÃ³n,184,82,2000,9,2,3
12091,Aimar Oroz,"CAM, CM",64,Spain,19,2001-11-27,Spain Primera Division,177,73,2001,11,27,4
12097,Pau VÃ­ctor,CAM,64,Spain,19,2001-11-26,Spanish Segunda DivisiÃ³n,180,75,2001,11,26,4
12098,Pablo RodrÃ­guez,"ST, LW",64,Spain,19,2001-08-04,Italian Serie B,178,70,2001,8,4,3
12110,Isma Ruiz,CDM,64,Spain,20,2001-02-14,Spain Primera Division,184,75,2001,2,14,1
12157,CÃ©sar GarcÃ­a,RW,64,Spain,21,1999-08-27,Spanish Segunda DivisiÃ³n,178,74,1999,8,27,3
12173,Gori,"CM, CAM",64,Spain,19,2002-05-15,Spain Primera Division,172,60,2002,5,15,2
12183,Undabarrena,CM,64,Spain,28,1993-03-10,Spanish Segunda DivisiÃ³n,185,77,1993,3,10,1
12184,AlarcÃ³n,"LM, RM",64,Spain,27,1994-04-14,Spanish Segunda DivisiÃ³n,178,74,1994,4,14,2
12188,Gorka Larrucea,"CDM, CM",64,Spain,28,1993-02-24,Spanish Segunda DivisiÃ³n,182,76,1993,2,24,1
12189,Aldasoro,"CDM, CM, RM",64,Spain,22,1999-06-05,Spanish Segunda DivisiÃ³n,176,70,1999,6,5,2
12190,Unai Veiga,"CM, CAM",64,Spain,22,1998-10-09,Spanish Segunda DivisiÃ³n,189,84,1998,10,9,4
12222,Alberto,CB,64,Spain,28,1992-12-31,Spanish Segunda DivisiÃ³n,193,84,1992,12,31,4
12225,Javi Serrano,CDM,64,Spain,18,2003-01-16,Spain Primera Division,175,70,2003,1,16,1
12227,Alberto Moreno,CM,64,Spain,19,2002-04-19,Spain Primera Division,175,69,2002,4,19,2
12230,Pep GayÃ ,CB,64,Spain,21,2000-07-01,Spain Primera Division,185,74,2000,7,1,3
12231,Diego Moreno,RB,64,Spain,19,2001-08-21,Spain Primera Division,177,70,2001,8,21,3
12232,MartÃ³n,ST,64,Spain,22,1999-05-06,Spanish Segunda DivisiÃ³n,180,75,1999,5,6,2
12234,UreÃ±a,RM,64,Spain,18,2003-05-31,Spanish Segunda DivisiÃ³n,180,75,2003,5,31,2
12236,Javi Robles,"CM, CDM",64,Spain,20,2000-10-03,Spanish Segunda DivisiÃ³n,186,71,2000,10,3,4
12240,Pedro,ST,64,Spain,21,2000-03-30,Holland Eredivisie,198,89,2000,3,30,1
12243,Christian GÃ³mez,GK,64,Spain,21,2000-05-18,Spain Primera Division,187,80,2000,5,18,2
12324,Jonathan De Amo,CB,63,Spain,31,1990-01-13,Polish T-Mobile Ekstraklasa,190,80,1990,1,13,1
12334,Edu GarcÃ­a,"CM, CAM, LM",63,Spain,31,1990-04-24,Indian Super League,181,74,1990,4,24,2
12344,ForniÃ©s,"LB, CB",63,Spain,30,1991-02-06,Spanish Segunda DivisiÃ³n,177,71,1991,2,6,1
12372,VÃ­ctor Mongil,"CB, RB, CDM",63,Spain,28,1992-07-21,Indian Super League,180,76,1992,7,21,3
12481,Sebas Moyano,"RM, LM",63,Spain,24,1997-03-23,Spanish Segunda DivisiÃ³n,173,66,1997,3,23,1
12543,Samu Casado,GK,63,Spain,24,1997-01-16,Spanish Segunda DivisiÃ³n,187,77,1997,1,16,1
12558,Pedro LÃ³pez,CB,63,Spain,24,1997-01-21,Spanish Segunda DivisiÃ³n,177,75,1997,1,21,1
12598,Ian Soler,CB,63,Spain,25,1996-01-23,Polish T-Mobile Ekstraklasa,188,80,1996,1,23,1
12666,Ãscar LÃ³pez,GK,63,Spain,22,1998-08-22,Spanish Segunda DivisiÃ³n,180,75,1998,8,22,3
12748,Madger Gomes,"CDM, CM",63,Spain,24,1997-02-01,English League One,180,74,1997,2,1,1
12761,Valera,GK,63,Spain,24,1996-08-17,Spanish Segunda DivisiÃ³n,187,80,1996,8,17,3
12788,C. Moros Gracia,CB,63,Spain,28,1993-04-15,Swedish Allsvenskan,183,79,1993,4,15,2
12794,Javi VÃ¡zquez,"LB, LM",63,Spain,20,2000-09-14,Spanish Segunda DivisiÃ³n,178,72,2000,9,14,3
12801,Sillero,"CB, RB",63,Spain,23,1998-05-24,Spain Primera Division,177,80,1998,5,24,2
12874,Javi Rubio,"RB, RM",63,Spain,22,1999-05-12,Spanish Segunda DivisiÃ³n,180,75,1999,5,12,2
12921,Fran Navarro,ST,63,Spain,23,1998-02-03,Portuguese Liga ZON SAGRES,179,71,1998,2,3,1
12933,Mikel Carro,CM,63,Spain,22,1999-01-25,Spanish Segunda DivisiÃ³n,188,79,1999,1,25,1
12996,Berto HÃ³rreo,GK,63,Spain,21,2000-06-24,Spanish Segunda DivisiÃ³n,191,81,2000,6,24,2
13005,Sergio Lozano,"CM, CAM, RM",63,Spain,22,1999-03-24,Spain Primera Division,175,70,1999,3,24,1
13096,Jony Ãlamo,"CDM, CM",63,Spain,19,2001-09-25,Spain Primera Division,175,64,2001,9,25,3
13130,Manu Molina,RM,63,Spain,22,1999-01-27,Spanish Segunda DivisiÃ³n,175,70,1999,1,27,1
13147,Luis Carbonell,"ST, LW",63,Spain,18,2003-04-27,Spain Primera Division,169,67,2003,4,27,2
13166,Javier Izquierdo,GK,63,Spain,20,2001-03-15,Spanish Segunda DivisiÃ³n,181,76,2001,3,15,1
13171,Clau Mendes,"ST, RM, LM",63,Spain,20,2000-12-08,Spanish Segunda DivisiÃ³n,186,78,2000,12,8,4
13181,Lanchi,RB,63,Spain,20,2001-06-23,Spain Primera Division,177,64,2001,6,23,2
13187,Zarzana,"RM, LM, CAM",63,Spain,19,2002-03-21,Spain Primera Division,177,64,2002,3,21,1
13188,Nico Serrano,"LW, CAM, RW",63,Spain,18,2003-03-05,Spain Primera Division,178,72,2003,3,5,1
13191,Ãngel JimÃ©nez,GK,63,Spain,19,2002-06-22,Spain Primera Division,194,80,2002,6,22,2
13221,Svensson,"ST, LM",63,Spain,19,2001-11-08,Spain Primera Division,182,75,2001,11,8,4
13230,Urko GonzÃ¡lez,"CB, CDM, CM",63,Spain,20,2001-03-20,Spanish Segunda DivisiÃ³n,189,73,2001,3,20,1
13234,Iker Recio,"CB, LB",63,Spain,20,2001-01-17,Spain Primera Division,185,80,2001,1,17,1
13266,O. El Hilali,RB,63,Spain,17,2003-09-12,Spain Primera Division,183,75,2003,9,12,3
13269,Ãlex Cardero,"CM, CAM",63,Spain,17,2003-08-25,Spanish Segunda DivisiÃ³n,178,70,2003,8,25,3
13278,Mini,CM,63,Spain,22,1999-04-10,Spain Primera Division,174,69,1999,4,10,2
13286,Miki MuÃ±oz,CM,63,Spain,26,1995-04-13,Spanish Segunda DivisiÃ³n,180,81,1995,4,13,2
13291,Aldalur,"RB, RWB",63,Spain,29,1991-12-26,Spanish Segunda DivisiÃ³n,178,71,1991,12,26,4
13292,Koldo Obieta,ST,63,Spain,27,1993-10-08,Spanish Segunda DivisiÃ³n,187,82,1993,10,8,4
13293,IÃ±igo Orozco,"ST, CAM",63,Spain,28,1993-03-17,Spanish Segunda DivisiÃ³n,192,80,1993,3,17,1
13294,IÃ±aki Recio,LB,63,Spain,21,2000-02-01,Spanish Segunda DivisiÃ³n,178,75,2000,2,1,1
13295,Ander MartÃ­n,"RM, CM",63,Spain,20,2000-11-16,Spanish Segunda DivisiÃ³n,177,74,2000,11,16,4
13305,Miki Villar,"ST, RM",63,Spain,24,1996-09-19,Spanish Segunda DivisiÃ³n,180,75,1996,9,19,3
13307,RamÃ³n Juan,GK,63,Spain,21,1999-12-10,Spanish Segunda DivisiÃ³n,179,79,1999,12,10,4
13317,Imanol,LB,63,Spain,20,2000-08-08,Spanish Segunda DivisiÃ³n,177,63,2000,8,8,3
13325,Alberto Toril,ST,63,Spain,24,1997-07-01,Polish T-Mobile Ekstraklasa,189,77,1997,7,1,3
13338,Neskes,"CM, CAM",63,Spain,19,2001-11-22,Spanish Segunda DivisiÃ³n,177,70,2001,11,22,4
13346,Agirrezabala,GK,63,Spain,20,2000-12-26,Spain Primera Division,187,80,2000,12,26,4
13349,Pablo GÃ¡lvez,"ST, CAM",63,Spain,19,2001-10-30,Spain Primera Division,185,78,2001,10,30,4
13350,Torrente,"CB, CDM",63,Spain,19,2001-09-11,Spain Primera Division,193,79,2001,9,11,3
13351,LlabrÃ©s,"LM, LW, RW",63,Spain,19,2002-01-15,Spain Primera Division,172,71,2002,1,15,1
13353,Iker Benito,RM,63,Spain,18,2002-08-10,Spain Primera Division,176,71,2002,8,10,3
13354,Luis LÃ³pez,GK,63,Spain,20,2001-05-08,Spain Primera Division,190,76,2001,5,8,2
13355,Naim GarcÃ­a,"RM, RW",63,Spain,19,2002-06-11,Spanish Segunda DivisiÃ³n,180,75,2002,6,11,2
13356,RaÃºl Caballero,ST,63,Spain,20,2001-01-16,Spanish Segunda DivisiÃ³n,172,67,2001,1,16,1
13364,Gabri MartÃ­nez,RM,63,Spain,18,2003-01-22,Spanish Segunda DivisiÃ³n,185,75,2003,1,22,1
13489,Ãlex Serrano,CAM,62,Spain,26,1995-02-06,Polish T-Mobile Ekstraklasa,184,76,1995,2,6,1
13655,Etxaburu,"LM, ST",62,Spain,27,1994-04-07,Spanish Segunda DivisiÃ³n,181,71,1994,4,7,2
13710,Amorrortu,"ST, RW",62,Spain,25,1995-10-17,Spanish Segunda DivisiÃ³n,170,64,1995,10,17,4
13797,Marcos LavÃ­n,GK,62,Spain,24,1996-09-02,Romanian Liga I,190,79,1996,9,2,3
13841,Alfon,"ST, LM",62,Spain,22,1999-05-04,Spain Primera Division,172,60,1999,5,4,2
13851,CÃ©sar Gelabert,"CAM, LM, ST",62,Spain,20,2000-10-31,Spanish Segunda DivisiÃ³n,182,73,2000,10,31,4
13918,Ãlex PachÃ³n,ST,62,Spain,20,2000-07-17,Spanish Segunda DivisiÃ³n,185,80,2000,7,17,3
13946,Relu,CDM,62,Spain,23,1998-02-09,Spain Primera Division,183,74,1998,2,9,1
13985,Jeremy,LB,62,Spain,21,1999-09-01,Spanish Segunda DivisiÃ³n,175,73,1999,9,1,3
13987,IrazÃ¡bal,"CB, LB",62,Spain,24,1996-11-28,Spanish Segunda DivisiÃ³n,187,75,1996,11,28,4
14015,Carreira,RB,62,Spain,20,2000-10-13,Spanish Segunda DivisiÃ³n,170,67,2000,10,13,4
14016,TÃ²fol Montiel,CAM,62,Spain,21,2000-04-11,Italian Serie A,178,64,2000,4,11,2
14072,Mario RodrÃ­guez,"LM, RM",62,Spain,24,1997-03-03,Polish T-Mobile Ekstraklasa,176,65,1997,3,3,1
14090,Miguel Berry,ST,62,Spain,23,1997-09-16,USA Major League Soccer,190,82,1997,9,16,3
14091,Carrasco,"RB, RM",62,Spain,23,1998-03-02,Spain Primera Division,171,61,1998,3,2,1
14114,JesÃºs Ruiz,GK,62,Spain,24,1997-06-20,Spanish Segunda DivisiÃ³n,185,77,1997,6,20,2
14140,Victor MÃ©ndez,GK,62,Spain,21,2000-03-24,Spanish Segunda DivisiÃ³n,188,80,2000,3,24,1
14184,Pere Joan,GK,62,Spain,19,2002-03-22,Spain Primera Division,188,83,2002,3,22,1
14187,Aitor Paredes,CB,62,Spain,21,2000-04-29,Spain Primera Division,186,76,2000,4,29,2
14188,Trabanco,"RM, RB",62,Spain,20,2001-02-27,Spanish Segunda DivisiÃ³n,177,66,2001,2,27,1
14189,Alfonso Pastor,GK,62,Spain,20,2000-10-04,Spain Primera Division,190,80,2000,10,4,4
14191,Sergio Barcia,"CB, RB",62,Spain,20,2000-12-31,Spain Primera Division,186,76,2000,12,31,4
14195,Sola,LB,62,Spain,20,2001-01-24,Spanish Segunda DivisiÃ³n,175,70,2001,1,24,1
14196,Javi HernÃ¡ndez,CB,62,Spain,20,2000-09-14,Spanish Segunda DivisiÃ³n,181,72,2000,9,14,3
14202,Dylan Perera,"CAM, CM",62,Spain,18,2003-05-12,Spanish Segunda DivisiÃ³n,173,64,2003,5,12,2
14205,FÃ©lix Alonso,"CM, CDM",62,Spain,20,2000-12-29,Spanish Segunda DivisiÃ³n,185,76,2000,12,29,4
14250,De TomÃ¡s,"LM, RM, CAM",62,Spain,20,2000-07-18,Spain Primera Division,172,68,2000,7,18,3
14287,Chanza,GK,62,Spain,23,1998-03-20,Spanish Segunda DivisiÃ³n,182,74,1998,3,20,1
14289,Diego Guti,"CDM, CM",62,Spain,20,2000-09-03,Spanish Segunda DivisiÃ³n,171,68,2000,9,3,3
14295,Sergi Cardona,LB,62,Spain,21,1999-07-08,Spanish Segunda DivisiÃ³n,186,76,1999,7,8,3
14296,CÃ³rdoba,"CB, CDM",62,Spain,26,1995-05-21,Spanish Segunda DivisiÃ³n,181,73,1995,5,21,2
14297,Iker Bilbao,"CM, CDM",62,Spain,25,1996-03-20,Spanish Segunda DivisiÃ³n,182,77,1996,3,20,1
14298,Dani Garrido,CM,62,Spain,21,2000-01-19,Spanish Segunda DivisiÃ³n,170,70,2000,1,19,1
14322,Unai RementerÃ­a,"CM, CAM",62,Spain,21,1999-08-10,Spanish Segunda DivisiÃ³n,182,80,1999,8,10,3
14324,Fabio Blanco,RM,62,Spain,17,2004-02-18,German 1. Bundesliga,179,71,2004,2,18,1
14338,Ãngel LÃ³pez,"RB, CB",62,Spain,18,2003-02-17,Spanish Segunda DivisiÃ³n,176,70,2003,2,17,1
14351,Bastida,"CDM, CM",62,Spain,17,2004-05-12,Spain Primera Division,170,70,2004,5,12,2
14354,Edu MartÃ­nez,"CAM, RM, CM",62,Spain,22,1999-04-12,Spanish Segunda DivisiÃ³n,180,70,1999,4,12,2
14367,Paco Puertas,"CB, LB",62,Spain,25,1995-11-07,Spanish Segunda DivisiÃ³n,184,74,1995,11,7,4
14369,Alan Godoy,"ST, LM",62,Spain,18,2003-05-04,Spain Primera Division,178,70,2003,5,4,2
14370,Ãlvaro Bravo,"CM, CAM",62,Spain,23,1998-02-04,Spain Primera Division,182,67,1998,2,4,1
14371,Alejandro Iturbe,GK,62,Spain,17,2003-09-02,Spain Primera Division,184,70,2003,9,2,3
14372,Marcos,CAM,62,Spain,22,1999-04-02,Spanish Segunda DivisiÃ³n,160,60,1999,4,2,2
14374,Pablo Valencia,GK,62,Spain,20,2001-03-16,Spain Primera Division,188,74,2001,3,16,1
14375,Kevin,"LM, ST, RM",62,Spain,20,2001-02-26,Spanish Segunda DivisiÃ³n,173,67,2001,2,26,1
14377,David Cuenca,"LB, LWB",62,Spain,19,2002-04-05,Spanish Segunda DivisiÃ³n,180,70,2002,4,5,2
14422,Airam Cabrera,ST,61,Spain,33,1987-10-21,Indian Super League,180,78,1987,10,21,4
14634,Campos,GK,61,Spain,26,1995-05-16,Spain Primera Division,189,80,1995,5,16,2
14689,Josemi CastaÃ±eda,"CM, CDM",61,Spain,23,1998-02-26,Romanian Liga I,173,69,1998,2,26,1
14722,Manu Navarro,CM,61,Spain,20,2000-10-09,Spain Primera Division,174,65,2000,10,9,4
14769,V. De Baunbag,"ST, RW",61,Spain,20,2000-08-05,Spain Primera Division,191,77,2000,8,5,3
14786,Javi Siverio,ST,61,Spain,23,1997-11-14,Indian Super League,182,75,1997,11,14,4
14821,Barredo,GK,61,Spain,17,2003-09-05,Spanish Segunda DivisiÃ³n,177,65,2003,9,5,3
14828,AdriÃ¡n BernabÃ©,"CAM, LW, LB",61,Spain,20,2001-05-26,Italian Serie B,175,68,2001,5,26,2
14830,Nacho RamÃ³n,ST,61,Spain,22,1999-03-30,Spain Primera Division,186,80,1999,3,30,1
14886,Dani Plomer,"LM, RM",61,Spain,22,1998-11-30,Spain Primera Division,179,72,1998,11,30,4
14894,Pablo PÃ©rez,"LB, LM",61,Spain,19,2001-08-18,Spain Primera Division,170,65,2001,8,18,3
14930,Sergio Carrasco,CM,61,Spain,22,1999-06-02,Spanish Segunda DivisiÃ³n,176,69,1999,6,2,2
14950,JosÃ© Urbina,"LB, CB",61,Spain,21,2000-01-22,Spanish Segunda DivisiÃ³n,175,65,2000,1,22,1
14955,EÃ±aut MendÃ­a,"ST, RM",61,Spain,22,1999-06-21,Spanish Segunda DivisiÃ³n,178,72,1999,6,21,2
14965,Asier CÃ³rdoba,LW,61,Spain,21,2000-03-31,Spanish Segunda DivisiÃ³n,184,75,2000,3,31,1
14974,David ArgÃ¼elles,LB,61,Spain,19,2002-01-10,Spanish Segunda DivisiÃ³n,175,71,2002,1,10,1
14975,Arratia,CM,61,Spain,21,2000-04-23,Spain Primera Division,185,76,2000,4,23,2
14979,David RodrÃ­guez,"RB, CB",61,Spain,21,2000-06-26,Spanish Segunda DivisiÃ³n,175,67,2000,6,26,2
14999,Eder GonzÃ¡lez,"CM, CAM",61,Spain,24,1997-01-07,Romanian Liga I,171,66,1997,1,7,1
15008,Jaime Santos,"RW, LW",61,Spain,26,1995-04-27,Liga de FÃºtbol Profesional Boliviano,178,64,1995,4,27,2
15068,Iker Unzueta,"ST, LM",61,Spain,22,1998-08-04,Spanish Segunda DivisiÃ³n,184,80,1998,8,4,3
15069,Jorge Aguirre,ST,61,Spain,21,2000-01-05,Spanish Segunda DivisiÃ³n,183,78,2000,1,5,1
15097,Sergio DÃ­az,GK,61,Spain,23,1998-01-14,Spanish Segunda DivisiÃ³n,181,73,1998,1,14,1
15100,Markel Lozano,"CM, CDM, CB",61,Spain,25,1996-05-03,Spanish Segunda DivisiÃ³n,189,80,1996,5,3,2
15101,Oier Luengo,"CB, LB",61,Spain,23,1997-11-11,Spanish Segunda DivisiÃ³n,185,82,1997,11,11,4
15107,Ander Zoilo,LB,61,Spain,21,2000-02-14,Spanish Segunda DivisiÃ³n,176,70,2000,2,14,1
15109,Barba,LB,61,Spain,22,1999-05-19,Spanish Segunda DivisiÃ³n,169,62,1999,5,19,2
15123,Fromsa,"CB, CDM",61,Spain,20,2001-05-07,Spanish Segunda DivisiÃ³n,186,75,2001,5,7,2
15144,Recasens,CB,61,Spain,19,2002-02-19,Spain Primera Division,183,72,2002,2,19,1
15146,CÃ©sar,CDM,61,Spain,20,2001-05-01,Spanish Segunda DivisiÃ³n,178,72,2001,5,1,2
15147,IvÃ¡n Serrano,LB,61,Spain,20,2001-01-07,Spanish Segunda DivisiÃ³n,175,72,2001,1,7,1
15149,Pablo IbÃ¡Ã±ez,"CM, CB",61,Spain,22,1998-09-20,Spain Primera Division,179,74,1998,9,20,3
15152,Diego LÃ³pez,"ST, LM",61,Spain,19,2002-05-13,Spain Primera Division,172,63,2002,5,13,2
15160,Joel JimÃ©nez,GK,61,Spain,21,2000-01-20,Spanish Segunda DivisiÃ³n,187,79,2000,1,20,1
15512,Joel LÃ³pez,LB,60,Spain,19,2002-03-31,English Premier League,179,75,2002,3,31,1
15525,Carlos Kevin,ST,60,Spain,20,2001-04-10,Spanish Segunda DivisiÃ³n,178,71,2001,4,10,2
15538,Jofre Cherta,"CM, CAM",60,Spain,20,2000-10-19,Spanish Segunda DivisiÃ³n,165,67,2000,10,19,4
15640,Marcos Celorrio,"ST, LM",60,Spain,24,1997-02-19,Norwegian Eliteserien,183,73,1997,2,19,1
15665,Novoa,ST,60,Spain,18,2003-01-24,German 1. Bundesliga,182,68,2003,1,24,1
15673,RaÃºl Moro,"LW, CF",60,Spain,18,2002-12-05,Italian Serie A,168,60,2002,12,5,4
15696,Mario OrdoÃ±ez,CM,60,Spain,21,2000-01-01,Spanish Segunda DivisiÃ³n,180,75,2000,1,1,1
15704,Unai Arieta,ST,60,Spain,22,1999-01-21,Spanish Segunda DivisiÃ³n,175,70,1999,1,21,1
15723,Salazar,ST,60,Spain,18,2003-05-10,Spain Primera Division,177,71,2003,5,10,2
15739,John Donald,"CDM, CB",60,Spain,20,2000-09-25,Spain Primera Division,183,77,2000,9,25,3
15767,Morilla,GK,60,Spain,21,1999-12-06,Spanish Segunda DivisiÃ³n,183,75,1999,12,6,4
15778,Pablo PicÃ³n,GK,60,Spain,21,2000-02-01,Spain Primera Division,185,79,2000,2,1,1
15833,Mateo,CM,60,Spain,19,2001-08-13,Spanish Segunda DivisiÃ³n,180,75,2001,8,13,3
15837,Zarrabeitia,RB,60,Spain,27,1993-07-20,Spanish Segunda DivisiÃ³n,178,74,1993,7,20,3
15872,Cornago,"RB, RWB",60,Spain,18,2003-03-08,Spanish Segunda DivisiÃ³n,166,60,2003,3,8,1
15882,Abizanda,LM,60,Spain,21,2000-05-01,Spanish Segunda DivisiÃ³n,170,68,2000,5,1,2
15884,Pablo Tomeo,CDM,60,Spain,21,2000-01-23,Spanish Segunda DivisiÃ³n,186,72,2000,1,23,1
15902,Rai MarchÃ¡n,"CDM, CM",60,Spain,27,1993-08-11,Australian Hyundai A-League,183,67,1993,8,11,3
15909,OlguÃ­n,CB,60,Spain,20,2001-03-24,Spanish Segunda DivisiÃ³n,180,75,2001,3,24,1
15910,VÃ­ctor SanchÃ­s,"CB, RB",60,Spain,20,2001-03-23,Spanish Segunda DivisiÃ³n,180,75,2001,3,23,1
15919,Carlos Beitia,"CM, RW, LW",60,Spain,21,2000-02-15,Spain Primera Division,185,77,2000,2,15,1
15921,Manu Martos,"CDM, CB",60,Spain,20,2001-03-01,Spanish Segunda DivisiÃ³n,179,73,2001,3,1,1
15925,Carmona,"RB, CB",60,Spain,19,2002-01-29,Spain Primera Division,183,80,2002,1,29,1
15926,IvÃ¡n Romero,"ST, RW, LW",60,Spain,20,2001-04-10,Spain Primera Division,172,72,2001,4,10,2
15927,Pedro Ortiz,"CM, CAM",60,Spain,20,2000-08-19,Spain Primera Division,184,76,2000,8,19,3
15928,Joselu Guerra,"CDM, CM",60,Spain,21,2000-06-27,Spanish Segunda DivisiÃ³n,173,66,2000,6,27,2
15929,Yayo,CM,60,Spain,16,2004-07-30,Spanish Segunda DivisiÃ³n,175,71,2004,7,30,3
15931,Joseda,"RB, CB",60,Spain,19,2002-05-01,Spain Primera Division,181,72,2002,5,1,2
15939,Guille BernabÃ©u,CM,60,Spain,20,2001-01-13,Spanish Segunda DivisiÃ³n,180,75,2001,1,13,1
16054,Sergi Puig,GK,59,Spain,22,1998-11-19,Spanish Segunda DivisiÃ³n,187,78,1998,11,19,4
16126,Algobia,CM,59,Spain,22,1999-06-23,Spain Primera Division,180,78,1999,6,23,2
16204,Nacho Pastor,CB,59,Spain,18,2003-04-03,Spanish Segunda DivisiÃ³n,186,80,2003,4,3,2
16320,DamiÃ¡n,"CM, CDM",59,Spain,18,2003-05-31,Spanish Segunda DivisiÃ³n,181,76,2003,5,31,2
16325,M. Niang,ST,59,Spain,19,2002-02-04,Spain Primera Division,190,77,2002,2,4,1
16327,John Patrick,"CAM, ST, CM",59,Spain,17,2003-10-24,Spain Primera Division,193,80,2003,10,24,4
16360,Hugo Bueno,LWB,59,Spain,18,2002-09-18,English Premier League,180,73,2002,9,18,3
16456,Josema,"ST, CF",59,Spain,21,1999-11-01,Spanish Segunda DivisiÃ³n,182,73,1999,11,1,4
16474,Javi MartÃ­nez,CB,59,Spain,18,2002-07-18,Spanish Segunda DivisiÃ³n,182,75,2002,7,18,3
16479,Aritz de Miguel,GK,59,Spain,22,1999-06-28,Spanish Segunda DivisiÃ³n,181,70,1999,6,28,2
16480,Ãscar GonzÃ¡lez,ST,59,Spain,21,2000-01-08,Spanish Segunda DivisiÃ³n,180,75,2000,1,8,1
16484,Moyano,"CAM, CM, CDM",59,Spain,20,2000-07-13,Spanish Segunda DivisiÃ³n,178,74,2000,7,13,3
16775,Diego Bri,"LW, RW",58,Spain,18,2002-09-12,Spain Primera Division,172,65,2002,9,12,3
16796,Lluis TarrÃ©s,GK,58,Spain,20,2001-03-16,Spanish Segunda DivisiÃ³n,189,86,2001,3,16,1
16885,Unai Marino,GK,58,Spain,21,1999-12-10,Spanish Segunda DivisiÃ³n,185,81,1999,12,10,4
16906,AcÃ­n,GK,58,Spain,20,2001-02-28,Spanish Segunda DivisiÃ³n,183,77,2001,2,28,1
16919,Miguel MuÃ±oz,CB,58,Spain,24,1996-11-22,Polish T-Mobile Ekstraklasa,182,70,1996,11,22,4
16965,Alex RodrÃ­guez,RB,58,Spain,19,2002-03-21,Spain Primera Division,178,73,2002,3,21,1
16973,Kevin,"RM, LM, CAM",58,Spain,22,1999-02-25,Spanish Segunda DivisiÃ³n,180,75,1999,2,25,1
16975,S. Westerveld,GK,58,Spain,18,2002-07-18,Holland Eredivisie,190,74,2002,7,18,3
17084,Iker Pozo,CDM,57,Spain,20,2000-08-06,English Premier League,178,74,2000,8,6,3
17154,Ãngel Fraga,GK,57,Spain,25,1996-05-13,Spanish Segunda DivisiÃ³n,183,74,1996,5,13,2
17257,Julen,GK,57,Spain,22,1999-01-01,Spanish Segunda DivisiÃ³n,180,75,1999,1,1,1
17415,FÃ brega,GK,57,Spain,21,2000-06-28,Spanish Segunda DivisiÃ³n,188,70,2000,6,28,2
17416,San NicolÃ¡s,GK,57,Spain,20,2001-03-05,Spanish Segunda DivisiÃ³n,182,77,2001,3,5,1
17629,Lluis Andreu,GK,56,Spain,21,1999-07-27,Spain Primera Division,189,77,1999,7,27,3
17632,Dani Vidal,CM,56,Spain,21,2000-05-16,Spanish Segunda DivisiÃ³n,183,66,2000,5,16,2
18076,Victores,GK,55,Spain,20,2001-06-07,Spanish Segunda DivisiÃ³n,192,79,2001,6,7,2
18129,Guille Bueno,LB,55,Spain,19,2002-01-01,German 3. Bundesliga,178,73,2002,1,1,1
19078,M. PÃ©rez Hintermeier,GK,50,Spain,17,2003-07-03,German 3. Bundesliga,194,85,2003,7,3,3
